-- phpMyAdmin SQL Dump
-- version 5.2.0
-- https://www.phpmyadmin.net/
--
-- Host: 127.0.0.1
-- Generation Time: Mar 24, 2023 at 08:11 PM
-- Server version: 10.4.27-MariaDB
-- PHP Version: 8.0.25

SET SQL_MODE = "NO_AUTO_VALUE_ON_ZERO";
START TRANSACTION;
SET time_zone = "+00:00";


/*!40101 SET @OLD_CHARACTER_SET_CLIENT=@@CHARACTER_SET_CLIENT */;
/*!40101 SET @OLD_CHARACTER_SET_RESULTS=@@CHARACTER_SET_RESULTS */;
/*!40101 SET @OLD_COLLATION_CONNECTION=@@COLLATION_CONNECTION */;
/*!40101 SET NAMES utf8mb4 */;

--
-- Database: `pgpg`
--

-- --------------------------------------------------------

--
-- Table structure for table `agents`
--

CREATE TABLE `agents` (
  `agentid` int(10) NOT NULL,
  `aname` varchar(30) NOT NULL,
  `apassword` varchar(30) NOT NULL,
  `aemail` varchar(30) NOT NULL,
  `aaadhaar` varchar(12) NOT NULL,
  `aphone` varchar(10) NOT NULL,
  `agender` varchar(10) NOT NULL
) ENGINE=InnoDB DEFAULT CHARSET=utf8mb4 COLLATE=utf8mb4_general_ci;

--
-- Dumping data for table `agents`
--

INSERT INTO `agents` (`agentid`, `aname`, `apassword`, `aemail`, `aaadhaar`, `aphone`, `agender`) VALUES
(1, 'Sreesh', 'sreesh123', 'sreesh@gmail.com', '12345678912', '786876868', 'Male'),
(2, 'Jeswin', 'jeswin123', 'jeswin@gmail.com', '123134312423', '13123123', 'Male'),
(3, 'Rahul Hariesh', 'rahul123', 'rahul@gmail.com', '1234234234', '2423534254', 'Female'),
(5, 'Arun', 'arun123', 'arun@gmail.com', '234353453453', '1242342342', 'Male'),
(7, 'Ganesh', 'asd', 'ganesh@gmail.com', '432423423', '2173419', 'Male');

-- --------------------------------------------------------

--
-- Table structure for table `bookings`
--

CREATE TABLE `bookings` (
  `bookingid` int(10) NOT NULL,
  `pgid` int(10) NOT NULL,
  `roomid` int(10) NOT NULL,
  `userid` int(10) NOT NULL,
  `bookingdate` date NOT NULL,
  `rating` int(100) NOT NULL
) ENGINE=InnoDB DEFAULT CHARSET=utf8mb4 COLLATE=utf8mb4_general_ci;

--
-- Dumping data for table `bookings`
--

INSERT INTO `bookings` (`bookingid`, `pgid`, `roomid`, `userid`, `bookingdate`, `rating`) VALUES
(6, 3, 5, 9, '2023-03-10', 0),
(7, 1, 1, 1, '2023-03-19', 4);

-- --------------------------------------------------------

--
-- Table structure for table `pgs`
--

CREATE TABLE `pgs` (
  `pgid` int(10) NOT NULL,
  `pgname` varchar(100) NOT NULL,
  `pgdesc` varchar(100) NOT NULL,
  `pgimage1` varchar(100) NOT NULL,
  `pgimage2` varchar(100) NOT NULL,
  `pgimage3` varchar(100) NOT NULL,
  `pgtype` varchar(10) NOT NULL,
  `pgownerid` int(10) NOT NULL,
  `pgaddress` varchar(200) NOT NULL,
  `pgcity` varchar(20) NOT NULL,
  `pgpincode` int(6) NOT NULL,
  `pgrating` float NOT NULL
) ENGINE=InnoDB DEFAULT CHARSET=utf8mb4 COLLATE=utf8mb4_general_ci;

--
-- Dumping data for table `pgs`
--

INSERT INTO `pgs` (`pgid`, `pgname`, `pgdesc`, `pgimage1`, `pgimage2`, `pgimage3`, `pgtype`, `pgownerid`, `pgaddress`, `pgcity`, `pgpincode`, `pgrating`) VALUES
(1, 'Chennai Paying Guest', ' Mesmerising View', 'default1.jpg', 'default2.jpg', 'default3.jpg', 'mens', 1, '9/13b, 2nd, Kamaraj Rd, Srinivasa Nagar, Padi, Chennai, Tamil Nadu 600050', 'Chennai', 600050, 4.3),
(2, 'Royal Comfort mens pg', 'World Class PG', 'default1.jpg', 'default2.jpg', 'default3.jpg', 'mens', 2, ' 60/A, Vivekanandar St, Gandhi Nagar, Vadapalani, Chennai, Tamil Nadu 600093', 'Chennai', 600093, 4.7),
(3, 'GANGA PG', 'Super PG', 'default1.jpg', 'default2.jpg', 'default3.jpg', 'mens', 3, 'Oppsite to Sakthivel shop, No 3,Ashok Metha house, L&T colony, Manapakkam Main Rd, CRR Puram, Mugalivakkam, Chennai, Tamil Nadu 600125', 'Chennai', 600125, 3.9),
(4, 'RSD HIFI PG FOR MEN', 'Warm Welcoming PG ', 'default1.jpg', 'default2.jpg', 'default3.jpg', 'mens', 4, 'Door # 2, 6, Kalaignar Street, Shanthi Nagar, Ramapuram, Chennai, Tamil Nadu 600089', 'Chennai', 600089, 4.1),
(5, 'NITU HIVE PG', 'Niceee PG', 'default1.jpg', 'default2.jpg', 'default3.jpg', 'mens', 5, '2nd Floor, No 42, S2, 65, Thiruvengadapuram Main Rd, Choolaimedu, Chennai, Tamil Nadu 600094', 'Chennai', 600094, 0),
(6, 'VEERA\'S MEN\'S PG HOSTEL', 'Caring PG', 'default1.jpg', 'default2.jpg', 'default3.jpg', 'mens', 6, 'No. 78, New No . 65, Old, 2nd St, near Shoban Babu Statue, Thiruvalluvar Puram, Choolaimedu, Chennai, Tamil Nadu 600094', 'Chennai', 600094, 4.2),
(7, 'Dhruba Paying Guest', 'Semma PG', 'default1.jpg', 'default2.jpg', 'default3.jpg', 'mens', 7, 'sirvinava Appartment, near Maruthi Super Market, Manapakkam, Chennai, Tamil Nadu 600125', 'Chennai', 600125, 0),
(8, 'Sumathi Illam PG - Paying Guest Accommodation / Hostel for Men', 'Feel like Home', 'default1.jpg', 'default2.jpg', 'default3.jpg', 'womens', 8, 'SUMATHI ILLAM, 39, New Tank Bund Rd, Otteri, Podikkadai, Chennai, Tamil Nadu 600012', 'Chennai', 600012, 4.1),
(9, 'New Balaji Men\'s PG', 'Excellent PG', 'default1.jpg', 'default2.jpg', 'default3.jpg', 'mens', 9, 'Buddhar St, near railway station, MGR Salai, Tharamani, Chennai, Tamil Nadu 600113', 'Chennai', 600113, 4.3),
(10, 'NAGA GENTS HOSTEL PG', 'Great PG', 'default1.jpg', 'default2.jpg', 'default3.jpg', 'mens', 10, ' MGR Salai, Thanthai Periyar Nagar, Tharamani, Chennai, Tamil Nadu 600113', 'Chennai', 600113, 0),
(11, 'Ojas Grand PG for Men', 'A good PG', 'default1.jpg', 'default2.jpg', 'default3.jpg', 'mens', 11, '8, Ritish Castle, 1st St, near RMZ and KG360, Thiruvengadam Nagar, Perungudi, Chennai, Tamil Nadu 600096', 'Chennai', 600096, 0),
(12, 'Nandha Gents Hostel PG', 'Nice PG', 'default1.jpg', 'default2.jpg', 'default3.jpg', 'mens', 12, '32, Pammal Nallathambi St, MGR Salai, Thanthai Periyar Nagar, Periyar Nagar, Tharamani, Chennai, Tamil Nadu 600113', 'Chennai', 600113, 0),
(13, 'Srinivasa PG Hostel', 'Well equipped', 'default1.jpg', 'default2.jpg', 'default3.jpg', 'mens', 13, 'Sathyamoorthy Street Lakshman Nagar, Kandhanchavadi, Chennai, Tamil Nadu 600096', 'Chennai', 600096, 0),
(14, 'Shiva Sai gents pg', 'Cleaned', 'default1.jpg', 'default2.jpg', 'default3.jpg', 'mens', 14, 'Flat no-15, muthumariamman Koil street 100 feet road, near by pillaiyar Koil, near IITM taramani gate, Tharamani, Chennai, Tamil Nadu 600113', 'Chennai', 600113, 0),
(15, 'Sukesh PG', 'Maintained', 'default1.jpg', 'default2.jpg', 'default3.jpg', 'mens', 15, 'X6JQ+72R, Unnamed Road, Thanthai Periyar Nagar, Bharathi Nagar, Velachery, Chennai, Tamil Nadu 600113', 'Chennai', 600113, 0),
(16, 'Sri Gayathri PG', 'Clean rooms', 'default1.jpg', 'default2.jpg', 'default3.jpg', 'mens', 16, 'Sathyamoorthy St, Lakshman Nagar, Perungudi, Chennai, Tamil Nadu 600078', 'Chennai', 600078, 0),
(17, 'Srinivasa\'s Gents PG', 'Neat and hygiene', 'default1.jpg', 'default2.jpg', 'default3.jpg', 'mens', 17, '1/330 ,sri udayam building, Indira Gandhi St, Karapakkam, Chennai, Tamil Nadu 600097', 'Chennai', 600097, 0),
(18, 'R.M. Pg Gents Hostel', 'Properly monitored', 'default1.jpg', 'default2.jpg', 'default3.jpg', 'mens', 18, '29,kennady street ,periyar nagar,tharamani, Tamil Nadu 600113', 'Chennai', 600113, 0),
(19, 'Sri Lakshmi gents PG', 'Disciplined', 'default1.jpg', 'default2.jpg', 'default3.jpg', 'mens', 19, 'No 14, Murugesan Nagar, Pandian Salai,, Okkiyam Thuraipakkam, Chennai, Tamil Nadu 600096', 'Chennai', 600096, 0),
(20, 'Kavya Gents pg', 'Best Food ', 'default1.jpg', 'default2.jpg', 'default3.jpg', 'mens', 20, 'X6MQ+8GF, 8A, Govindhapillai St, Anna Nagar, Tharamani, Chennai, Tamil Nadu 600113', 'Chennai', 600113, 0),
(21, 'Shree Manasa Men\'s PG', 'Well maintained', 'default1.jpg', 'default2.jpg', 'default3.jpg', 'mens', 21, 'No 33/17, 33, Anna St, Anna Nagar, Tharamani, Chennai, Tamil Nadu 600113', 'Chennai', 600113, 0),
(22, 'TSP PG accomodation', 'Good security', 'default1.jpg', 'default2.jpg', 'default3.jpg', 'mens', 22, '728a, 54th Cross St, Valmiki Nagar, Thiruvalluvar Nagar, Thiruvanmiyur, Chennai, Tamil Nadu 600041', 'Chennai', 600041, 0),
(23, 'Venkateswara PG', 'Protected and cleaned', 'default1.jpg', 'default2.jpg', 'default3.jpg', 'mens', 23, '104 S, 6th St, Periya Kolathuvancheri, Iyyappanthangal, Chennai, Tamil Nadu 600056', 'Chennai', 600056, 0),
(24, 'Venkata Sai PG for gents', 'Nice PG', 'default1.jpg', 'default2.jpg', 'default3.jpg', 'mens', 24, 'No.59, Thiruvengadam Nagar, 1st St, Kandhanchavadi, Perungudi, Chennai, Tamil Nadu 600096', 'Chennai', 600096, 0),
(25, 'Mens pg sri balaji', 'Dream PG', 'default1.jpg', 'default2.jpg', 'default3.jpg', 'mens', 25, ' No.1, NT Patel Rd, Thanthai Periyar Nagar, Thandhai Periyar Nagar, Tharamani, Chennai, Tamil Nadu 600113', 'Chennai', 600113, 0),
(26, 'Prabhakaran\'s Paying guest', 'Best PG', 'default1.jpg', 'default2.jpg', 'default3.jpg', 'mens', 26, 'No.57, 58, Film St, Annai Indira Nagar, Anna Nagar Extension, Velachery, Chennai, Tamil Nadu 600042', 'Chennai', 600042, 0),
(27, 'Kamala Gents PG', 'Chill PG', 'default1.jpg', 'default2.jpg', 'default3.jpg', 'mens', 27, '5/343, Elango Nagar Main Rd, Elango Nagar, Kottivakkam, Chennai, Tamil Nadu 600041', 'Chennai', 600041, 0),
(28, 'Best Gents Hostel/PG', '24/7 clean PG', 'default1.jpg', 'default2.jpg', 'default3.jpg', 'mens', 28, '10/86, Godavari St, Taramani Link Road, Anna nagar, Tharamani, near TCS, Velachery, Chennai, Tamil Nadu 600113', 'Chennai', 600113, 0),
(29, 'Perfect Men\'s PG', 'Best food PG', 'default1.jpg', 'default2.jpg', 'default3.jpg', 'mens', 29, '5/438, Ramalinga Nagar, Perungudi, Chennai, Tamil Nadu 600041', 'Chennai', 600041, 0),
(30, 'Om Sai Nivas Mens PG', 'Nice family like PG', 'default1.jpg', 'default2.jpg', 'default3.jpg', 'mens', 30, ' 3A Crown De Chettinad Apartment, CBI Colony Main Rd, Govindasamy Nagar, Perungudi, Chennai, Tamil Nadu 600096', 'Chennai', 600096, 0),
(31, 'LAKSHMI PG For MEN', 'Feel like family', 'default1.jpg', 'default2.jpg', 'default3.jpg', 'mens', 31, 'X6CW+Q4F, 1st St, MGR Salai, Thiruvengadam Nagar, Perungudi, Chennai, Tamil Nadu 600096', 'Chennai', 600096, 0),
(32, 'SWARNAKUDIRAM MENS PG', 'A pleasant stay', 'default1.jpg', 'default2.jpg', 'default3.jpg', 'mens', 32, 'No:6 swarnakudiram pg, Thiruvalluvar St, Sai Ayush Puja Avenue, Chennai, Tamil Nadu 600096', 'Chennai', 600096, 0),
(33, 'OLive Inn PG for Men', 'Dream PG', 'default1.jpg', 'default2.jpg', 'default3.jpg', 'mens', 33, 'Balagangadhar Tilak St, Kandhanchavadi, Perungudi, Chennai, Tamil Nadu 600096', 'Chennai', 600096, 0),
(34, 'Sri Hanuman Gents PG', 'Feel Good PG', 'default1.jpg', 'default2.jpg', 'default3.jpg', 'mens', 34, 'Plot no 91, 92, Near jain College, Subramaniya Bharathi Nagar, Thoraipakkam, Tamil Nadu 600097', 'Chennai', 600097, 0),
(35, 'Sri Balaji Gents Pg', 'Feel like above the sky', 'default1.jpg', 'default2.jpg', 'default3.jpg', 'mens', 35, 'Plot no 39, PVS nagar, Police station road Opposite road from MNM Jain engineering college Second right, behind arky pg or old Balaji pg, Chennai, Tamil Nadu 600097', 'Chennai', 600097, 0),
(36, 'Gambhir PG for Boys', 'Heaven PG', 'default1.jpg', 'default2.jpg', 'default3.jpg', 'mens', 36, 'Phase-2, 41, 1st Main Rd, Thirumalai Nagar, Perungudi, Chennai, Tamil Nadu 600096', 'Chennai', 600096, 0),
(37, 'Soorya chennai pg', 'Bestest PG', 'default1.jpg', 'default2.jpg', 'default3.jpg', 'mens', 37, 'G1 sabari flats sandiappan Dr.Ambethkar Salai, Kandhanchavadi, Perungudi, Chennai, Tamil Nadu 600096', 'Chennai', 600096, 0),
(38, 'Sree Lakshmi PG', 'Kind PG', 'default1.jpg', 'default2.jpg', 'default3.jpg', 'mens', 38, 'X69W+HG6, Bharathiyar St, Gandhi Nagar, Thiruvengadam Nagar, Perungudi, Chennai, Tamil Nadu 600078', 'Chennai', 600078, 0),
(39, 'GKV MEN\'S PG', 'Comfy PG', 'default1.jpg', 'default2.jpg', 'default3.jpg', 'mens', 39, 'Street Number 1, Varadharajapuram, Balamurugan Nagar, Sarathy Nagar, Velachery, Chennai, Tamil Nadu 600042', 'Chennai', 600042, 0),
(40, 'Manikanta PG', 'Comfortable stay', 'default1.jpg', 'default2.jpg', 'default3.jpg', 'mens', 40, 'X69W+78H, 4th St, Govindasamy Nagar, Perungudi, Chennai, Tamil Nadu 600096', 'Chennai', 600096, 0),
(41, 'Harish PG', 'Feel like premium', 'default1.jpg', 'default2.jpg', 'default3.jpg', 'mens', 41, 'Old No:3/248, New No:3/516, Plot 50, VPG Ave Main Rd, Mettukuppam, Thoraipakkam, Tamil Nadu 600097', 'Chennai', 600097, 0),
(42, 'Sreenath PG', 'Premium PG', 'default1.jpg', 'default2.jpg', 'default3.jpg', 'mens', 42, '2,3,4, Santhosh Nagar, Shanthi Nagar, Perungudi, Chennai, Tamil Nadu 600096', 'Chennai', 600096, 0),
(43, 'SRI LAKSHMI NAGA DEVATHA GENTS PG', 'Luxury PG', 'default1.jpg', 'default2.jpg', 'default3.jpg', 'mens', 43, '35, Sathiappan Salai, Sathiappan, Main Rd, Perungudi, Chennai, Tamil Nadu 600096', 'Chennai', 600096, 0),
(44, 'Ratna Gents PG', 'Blessed PG', 'default1.jpg', 'default2.jpg', 'default3.jpg', 'mens', 44, 'NO: 64, Kamaraja St, Anna Nagar, Tharamani, Chennai, Tamil Nadu 600113', 'Chennai', 600113, 0),
(45, 'Triples Men\'s PG', 'Nice Food PG', 'default1.jpg', 'default2.jpg', 'default3.jpg', 'mens', 45, 'E147/1, LB Road, 5th W St, Kamaraj Nagar, Thiruvanmiyur, Chennai, Tamil Nadu 600041', 'Chennai', 600041, 0),
(46, 'SRINIVASA PG HOSTEL', 'Good monitored PG', 'default1.jpg', 'default2.jpg', 'default3.jpg', 'mens', 46, 'Sathyamoorthy Street Lakshman Nagar, Kandhanchavadi, Chennai, Tamil Nadu 600096', 'Chennai', 600096, 0),
(47, 'Ramya Men\'s PG', 'Sea View PG', 'default1.jpg', 'default2.jpg', 'default3.jpg', 'mens', 47, 'panchyat, Ramappa Nagar Main Rd, Main Rd, Perungudi, Chennai, Tamil Nadu 600096', 'Chennai', 600096, 0),
(48, 'Sri Chaitanya Ladies & Gents Hostel', 'Swimming Pool PG', 'default1.jpg', 'default2.jpg', 'default3.jpg', 'both', 48, 'Thiruvalluvar St., Thiruvengadam Nagar, Kandhanchavadi, Chennai, Tamil Nadu 600096', 'Chennai', 600096, 0),
(49, 'SS Men\'s PG', 'Star PG', 'default1.jpg', 'default2.jpg', 'default3.jpg', 'mens', 49, 'panchayat office, Kannayan street, near to Perungudi, Perungudi, Chennai, Tamil Nadu 600096', 'Chennai', 600096, 0),
(50, 'Tirumala Gents PG', 'Lucky PG', 'default1.jpg', 'default2.jpg', 'default3.jpg', 'mens', 50, 'Plat No.6, 2nd Cross St, kodhanda Raman nagar, Kandhanchavadi, Chennai, Tamil Nadu 600096', 'Chennai', 600096, 0),
(51, 'Nizhal Guest House', 'Good PG', 'default1.jpg', 'default2.jpg', 'default3.jpg', 'mens', 51, 'Guindy, Chennai, Tamil Nadu 600032', 'Chennai', 600032, 0),
(52, 'MD Mens PG\r\n', 'Feels like home', 'default1.jpg', 'default2.jpg', 'default3.jpg', 'mens', 52, '3rd St, Old Narasingapuram, Maduvinkarai, Guindy, Chennai, Tamil Nadu 600032', 'Chennai', 600032, 0),
(53, 'Senthamizh Best care homely hostel and pg', 'Best care PG', 'default1.jpg', 'default2.jpg', 'default3.jpg', 'mens', 53, 'Poomagal 2nd street Ekkathuthangal, Guindy, Chennai, Tamil Nadu 600032', 'Chennai', 600032, 0),
(54, 'Sky MEN`S HOSTEL', 'Cheap PG', 'default1.jpg', 'default2.jpg', 'default3.jpg', 'mens', 54, '9/12, 1st St, Narasinga Colony, Maduvinkarai, Guindy, Chennai, Tamil Nadu 600032', 'Chennai', 600032, 0),
(55, 'National Men\'s Hostel - Branch 2', 'Clean PG', 'default1.jpg', 'default2.jpg', 'default3.jpg', 'mens', 55, 'No. 17, 5, Dhanakotti Raja St, South Phase, Ekkatuthangal, Chennai, Tamil Nadu 600032', 'Chennai', 600032, 0),
(56, 'Sri Guru Datta Men’s Hostel', 'Hygiene Food', 'default1.jpg', 'default2.jpg', 'default3.jpg', 'mens', 56, '15b, Ganapathy Colony, Poomagal Second St, Ekkatuthangal, Chennai, Tamil Nadu 600032', 'Chennai', 600032, 0),
(57, 'Zolo Habitat', 'Feels like premium', 'default1.jpg', 'default2.jpg', 'default3.jpg', 'mens', 57, 'No. 53, Third St, Ravi Colony, Nazarethpuram, Gandhi Nagar, St.Thomas Mount, Tamil Nadu 600016', 'Chennai', 600016, 0),
(58, '\r\n\r\nCmk Hostel', 'Best PG', 'default1.jpg', 'default2.jpg', 'default3.jpg', 'mens', 58, '2657+V2F, Manickam Ln, Guindy Institutional Area, SIDCO Industrial Estate, Guindy, Chennai, Tamil Nadu 600032', 'Chennai', 600032, 0),
(59, 'PG Saidapet Metro', 'Comfort PG', 'default1.jpg', 'default2.jpg', 'default3.jpg', 'mens', 59, 'Gandhi St, Abith Colony, Industrial Area, Saidapet, Chennai, Tamil Nadu 600015', 'Chennai', 600015, 0),
(60, 'G.R.K. Gents Hostel', 'Love to Stay', 'default1.jpg', 'default2.jpg', 'default3.jpg', 'mens', 60, 'State Highway 2, 17/6, Kabilar St, Ambal Nagar, Ekkatuthangal, Chennai, Tamil Nadu 600032', 'Chennai', 600032, 0),
(61, 'Karthikeya Mens Hostel', 'Feels like Heaven', 'default1.jpg', 'default2.jpg', 'default3.jpg', 'mens', 61, 'Hno 4A Poomagal, 3rd St, behind volampiya tech park, Ekkatuthangal, Chennai, Tamil Nadu 600032', 'Chennai', 600032, 0),
(62, 'SR Mansion', 'Good facility', 'default1.jpg', 'default2.jpg', 'default3.jpg', 'mens', 62, '1st Cross Street Balaji Nagar, Ekkatuthangal, Guindy, Chennai, Tamil Nadu 600032', 'Chennai', 600032, 0),
(63, 'Zolo Rozzby PG\r\n', 'Comfort stay', 'default1.jpg', 'default2.jpg', 'default3.jpg', 'both', 63, '12, Ramapuram Ramasamy Street, Sadullakhan Nagar, Saidapet, Chennai, Tamil Nadu 600015', 'Chennai', 600015, 0),
(64, 'Hari Krishna Mens Pg ', 'Wonderful PG', 'default1.jpg', 'default2.jpg', 'default3.jpg', 'mens', 64, 'No: 598, MKN Rd, near CSI Church, Mela Ilandaikulam, Alandur, Chennai, Tamil Nadu 600016', 'Chennai', 600016, 0),
(65, 'DEN Mens Hostel PG ', 'Feels like premium', 'default1.jpg', 'default2.jpg', 'default3.jpg', 'mens', 65, 'hyatt, 42, Sardar Patel Rd, opp. to park, Sriram Nagar, Guindy, Chennai, Tamil Nadu 600032', 'Chennai', 600032, 0),
(66, 'Modern Guest House', 'Premium stay', 'default1.jpg', 'default2.jpg', 'default3.jpg', 'both', 66, 'Ekkatuthangal, Chennai, Tamil Nadu 600032', 'Chennai', 600032, 0),
(67, 'Narayana Mens Hostel', 'Good food', 'default1.jpg', 'default2.jpg', 'default3.jpg', 'mens', 67, '12, Sundar Nagar 1st Ave, South Phase, Sathya Nagar, Ekkatuthangal, Chennai, Tamil Nadu 600030', 'Chennai', 600030, 0),
(68, 'National Men’s Hostel', 'Hygiene Food ', 'default1.jpg', 'default2.jpg', 'default3.jpg', 'mens', 68, '11, 4th Cross St, Balaji Nagar, Ekkatuthangal, Chennai, Tamil Nadu 600032', 'Chennai', 600032, 0),
(69, 'Sri Gowri Ladies Hostel', 'Feels like home', 'default1.jpg', 'default2.jpg', 'default3.jpg', 'women', 69, '2683+97W, Poomagal Main Rd, Poomagal Nagar, Gandhi Nagar, Chennai, Tamil Nadu 600032', 'Chennai', 600032, 0),
(70, 'Sri Guru Datta Mansion\r\n', 'Nice PG', 'default1.jpg', 'default2.jpg', 'default3.jpg', 'mens', 70, '4A, 3rd Main Rd, Poomagal Nagar, Ekkatuthangal, Chennai, Tamil Nadu 600032', 'Chennai', 600032, 0),
(71, 'Skylark Paying Guest House-Women\'s pg-ladies pg', 'Feels like home', 'default1.jpg', 'default2.jpg', 'default3.jpg', 'mens', 71, '336, MJM, M.M.Garden Rd, Alandur, Chennai, Tamil Nadu 600016', 'Chennai', 600016, 0),
(72, 'Divyam Women\'s Hostel', 'Feels like Home', 'default1.jpg', 'default2.jpg', 'default3.jpg', 'women', 72, '40, Pillaiyar Koil 1st St, Ambal Nagar, Ekkatuthangal, Chennai, Tamil Nadu 600032', 'Chennai', 600032, 0),
(73, 'Praveen Mansion', 'Clean food ', 'default1.jpg', 'default2.jpg', 'default3.jpg', 'mens', 73, '12, Kabilar St, Ambal Nagar, Ekkatuthangal, Chennai, Tamil Nadu 600032', 'Chennai', 600032, 0),
(74, 'Sky Hostels\r\n', 'Feels like Home', 'default1.jpg', 'default22.jpg', 'default3.jpg', 'mens', 74, '39 B, Chakrapani colony, North Parade Road,, St. Thomas mount, Guindy (near Jothi Theatre), Chennai, Tamil Nadu 600016', 'Chennai', 600016, 0),
(75, 'Shri Sai Shelters Men\'s Hostel', 'Feels like Heaven', 'default1.jpg', 'default2.jpg', 'default3.jpg', 'mens', 75, 'No 27, Sathya Nagar 2nd St, South Phase, Sathya Nagar, Ekkatuthangal, Chennai, Tamil Nadu 600032', 'Chennai', 600032, 0),
(76, 'Annai Ladies Hostel', 'Best for Women', 'default1.jpg', 'default2.jpg', 'default3.jpg', 'women', 76, 'G-Flr, 12/5, Kabilar St, opp. Hyundai Showroom, near guindy, Ambal Nagar, Ekkatuthangal, Chennai, Tamil Nadu 600032', 'Chennai', 76, 0),
(77, 'Venkateswara Boy\'s Hostel', 'Clean and Good PG', 'default1.jpg', 'default2.jpg', 'default3.jpg', 'mens', 77, '2682+JJ7, Sardhar Colony, Sathya Nagar, Gandhi Nagar, Chennai, Tamil Nadu 600032', 'Chennai', 600032, 0),
(78, 'Harini Homes', 'Feels secured', 'default1.jpg', 'default2.jpg', 'default3.jpg', 'women', 78, 'Pallavan Street, Near Ekkatuthangal Metro station Guindy, 600032, 600083', 'Chennai', 600083, 0),
(79, 'SELVI GIRLS PG\r\n', 'Comfort stay', 'default1.jpg', 'default2.jpg', 'default3.jpg', 'women', 79, '27/5, Gandhiyar St, Nehru Nagar, Velachery, Chennai, Tamil Nadu 600042', 'Chennai', 600042, 0),
(80, 'Stanza Living Borisov House', 'Feels like premium', 'default1.jpg', 'default2.jpg', 'default3.jpg', 'women', 80, 'Old No: 10&11, Guindy, New No: 23, Ambal Nagar Main Rd, Poomagal Nagar, Ekkatuthangal, Chennai, Tamil Nadu 600032', 'Chennai', 600032, 0),
(81, 'Flora Men\'s Hostel & PG', 'Feels like heaven', 'default1.jpg', 'default2.jpg', 'default3.jpg', 'mens', 81, 'No. 22/30, Amarar Jeeva Street, Kamaraj Nagar, Tambaram Sanatorium, Chennai, Tamil Nadu 600047', 'Chennai', 600047, 0),
(82, 'Jayam Paying Guest, Mens Hostel with steam sanitized', 'Good food and Clean PG', 'default1.jpg', 'default2.jpg', 'default3.jpg', 'mens', 82, '13, Saloman St, East Tambaram, Tambaram, Chennai, Tamil Nadu 600059', 'Chennai', 600059, 0),
(83, 'Paying Guest Hostel', 'Feels like home', 'default1.jpg', 'default2.jpg', 'default3.jpg', 'mens', 83, 'W4FJ+WR7, Saloman St, Near Abhirami Mahal, Annai Theresa Nagar, East Tambaram, Tambaram, Chennai, Tamil Nadu 600059', 'Chennai', 600059, 0),
(84, 'Shree Sai vishnu pg for men', 'Secured PG', 'default1.jpg', 'default2.jpg', 'default3.jpg', 'mens', 84, 'New, 27/6, Valmiki St, next to priyam clinic, East Tambaram, Tambaram, Chennai, Tamil Nadu 600059', 'Chennai', 600059, 0),
(85, 'Dolphin Men\'s PG', 'Nice PG', 'default1.jpg', 'default2.jpg', 'default3.jpg', 'mens', 85, 'NO.47 Jiva st,Kamaraj Nager,Tambaram Sanatorium land mark, near GK HOTEL & KONAAR HOTEL, Chennai, Tamil Nadu 600047', 'Chennai', 600047, 0),
(86, 'Alex Paying Guest Hostel', 'Good to stay', 'default1.jpg', 'default2.jpg', 'default3.jpg', 'mens', 86, 'W49J+M7R, Anandapuram, East Tambaram, Tambaram, Chennai, Tamil Nadu 600059', 'Chennai', 600059, 0),
(87, 'Yrn ladies pg east tambaram', 'Feels like home', 'default1.jpg', 'default2.jpg', 'default3.jpg', 'women', 87, 'W4FM+7XH, Aarthi Nagar, Tambaram, Chennai, Tamil Nadu 600059', 'Chennai', 600059, 0),
(88, 'Rejoice Mens PG', 'Clean and Nice PG', 'default1.jpg', 'default2.jpg', 'default3.jpg', 'mens', 88, 'W3GX+FWW, Lakshmipuram Extension, Tambaram, Chennai, Tamil Nadu 600045', 'Chennai', 600045, 0),
(89, 'YRN MENS PG', 'Feels like heaven', 'default1.jpg', 'default2.jpg', 'default3.jpg', 'mens', 89, '7, Kennady Street, Brindavan Colony, Vidya Theatre Backside, Tambaram West, Chennai, Tamil Nadu 600045', 'Chennai', 600045, 0),
(90, 'Anugrahha Mens and Womens hostel', 'Feels like home', 'default1.jpg', 'default2.jpg', 'default3.jpg', 'both', 90, 'MES Cross road, Kadaperi, Tambaram Sanatoruim, Chennai, Tamil Nadu 600045', 'Chennai', 600045, 0),
(91, 'Sky Men’s Hostel/PG', 'Good to stay', 'default1.jpg', 'default2.jpg', 'default3.jpg', 'mens', 91, 'Guduvancheri, Tamil Nadu 603202', 'Chennai', 603202, 0),
(92, 'Ooviya Ladies PG\r\n', 'Secured PG', 'default1.jpg', 'default2.jpg', 'default3.jpg', 'women', 92, 'R3Q4+25X, 2nd St, Guduvancheri, Tamil Nadu 603202', 'Chennai', 603202, 0),
(93, 'KAG MEN\'S HOSTEL/PG', 'Clean and tasty food', 'default1.jpg', 'default2.jpg', 'default3.jpg', 'mens', 93, 'Sree Subha Flat, Plot No.:-8, Ganapathy Nagar, Vallalar Nagar, Guduvancheri, Tamil Nadu 603202', 'Chennai', 603202, 0),
(94, 'Evergreen Hostel', 'Pleasant PG', 'default1.jpg', 'default2.jpg', 'default3.jpg', 'mens', 94, '2nd Main Rd, KK Nagar, Guduvancheri, Tamil Nadu 603202', 'Chennai', 603202, 0),
(95, 'R.K.S Ladies Hostel', 'Feels like home', 'default1.jpg', 'default2.jpg', 'default3.jpg', 'women', 95, 'No.6 Ratha Nagar Nandhivaram Guduvanchery, Chengalpattu, Chennai, Tamil Nadu 603202', 'Chennai', 603202, 0),
(96, 'Chennai Sleeps Men\'s Hostel\r\n', 'Clean PG', 'default1.jpg', 'default2.jpg', 'default3.jpg', 'mens', 96, '2nd Street, Jayalakshmi Nagar, Udhayasuriyan Nagar, Guduvancheri, Tamil Nadu 603212', 'Chennai', 603212, 0),
(97, 'Just4Adams - PG Hostel, Men\'s Hostel & Mansion', 'Premium stay', 'default1.jpg', 'default2.jpg', 'default3.jpg', 'mens', 97, '104, Vallalar 2nd Street, Vaigai Nagar, Urapakkam, Tamil Nadu 603210', 'Chennai', 603210, 0),
(98, 'Priya Aachi Ladies Hostel', 'Feels like home', 'default1.jpg', 'default2.jpg', 'default3.jpg', 'women', 98, 'Guduvancheri, Tamil Nadu 603202', 'Chennai', 603202, 0),
(99, 'RKS Ladies Hostel', 'Feels like heaven', 'default1.jpg', 'default2.jpg', 'default3.jpg', 'women', 99, 'No.6, Radha Nagar 1st St, Nandhivaram, Guduvancheri, Tamil Nadu 603202', 'Chennai', 603202, 0),
(100, 'Aarthi Womens Hostel\r\n', 'Comfort stay', 'default1.jpg', 'default2.jpg', 'default3.jpg', 'women', 100, 'Street No. 29, Third Street, Vallanchery Main Road Near Royal Womens Hostel K K Nagar, Ganapathipuram, Guduvancheri, Tamil Nadu 603202', 'Chennai', 603202, 0);

-- --------------------------------------------------------

--
-- Table structure for table `queries`
--

CREATE TABLE `queries` (
  `qrid` int(25) NOT NULL,
  `user_id` int(25) NOT NULL,
  `name` varchar(50) NOT NULL,
  `email` varchar(50) NOT NULL,
  `queries` varchar(150) NOT NULL,
  `replies` varchar(150) NOT NULL,
  `status` varchar(25) NOT NULL DEFAULT 'negative'
) ENGINE=InnoDB DEFAULT CHARSET=utf8mb4 COLLATE=utf8mb4_general_ci;

--
-- Dumping data for table `queries`
--

INSERT INTO `queries` (`qrid`, `user_id`, `name`, `email`, `queries`, `replies`, `status`) VALUES
(1, 1, 'Dixon Antony', 'dixon.j.antony2001@gmail.com', 'sfsfd', 'ok boomer', 'positive'),
(2, 2, 'JG', 'jg@gmail.com', 'I need proper wifi access.', 'ok da boomer', 'positive'),
(3, 2, 'Jg', 'jg@gmail.com', 'otha thanni engada ?', 'varum da venna', 'positive'),
(4, 2, 'GJ', 'gj@gmail.com', 'sarakku enga', '', 'negative');

-- --------------------------------------------------------

--
-- Table structure for table `ratings`
--

CREATE TABLE `ratings` (
  `rating_id` int(11) NOT NULL,
  `user_id` int(100) NOT NULL,
  `pg_id` int(100) NOT NULL,
  `rating` int(100) NOT NULL
) ENGINE=InnoDB DEFAULT CHARSET=utf8mb4 COLLATE=utf8mb4_general_ci;

--
-- Dumping data for table `ratings`
--

INSERT INTO `ratings` (`rating_id`, `user_id`, `pg_id`, `rating`) VALUES
(1, 1, 1, 3),
(2, 1, 1, 4),
(3, 1, 2, 1),
(4, 1, 1, 4),
(5, 1, 6, 3),
(6, 1, 7, 5),
(7, 1, 8, 4),
(8, 1, 9, 5),
(9, 2, 10, 5),
(10, 2, 11, 5),
(11, 2, 12, 5),
(12, 2, 13, 3),
(13, 2, 14, 5),
(14, 2, 15, 4),
(15, 2, 16, 5),
(16, 2, 17, 3),
(17, 2, 18, 3),
(18, 2, 19, 5),
(19, 3, 20, 4),
(20, 3, 21, 4),
(21, 3, 22, 5),
(22, 3, 23, 4),
(23, 3, 24, 3),
(24, 3, 25, 4),
(25, 3, 26, 5),
(26, 3, 27, 4),
(27, 3, 28, 3),
(28, 3, 29, 5),
(29, 4, 30, 4),
(30, 4, 31, 4),
(31, 4, 32, 5),
(32, 4, 33, 4),
(33, 4, 34, 4),
(34, 4, 35, 4),
(35, 4, 36, 5),
(36, 4, 37, 5),
(37, 4, 38, 3),
(38, 4, 39, 5),
(39, 5, 40, 3),
(40, 5, 41, 4),
(41, 5, 42, 3),
(42, 5, 43, 3),
(43, 5, 44, 4),
(44, 1, 40, 3),
(45, 3, 9, 5),
(46, 4, 27, 3),
(47, 1, 32, 4),
(48, 2, 42, 1),
(49, 4, 17, 3),
(50, 3, 19, 1),
(51, 1, 43, 5),
(52, 4, 8, 4),
(53, 1, 27, 2),
(54, 4, 20, 3),
(55, 4, 22, 4),
(56, 5, 26, 4),
(57, 5, 39, 1),
(58, 4, 2, 5),
(59, 5, 40, 2),
(60, 3, 21, 4),
(61, 4, 23, 4),
(62, 1, 39, 3),
(63, 1, 11, 4),
(64, 1, 37, 4),
(65, 5, 33, 1),
(66, 1, 9, 2),
(67, 4, 36, 3),
(68, 3, 22, 1),
(69, 5, 41, 2),
(70, 4, 13, 1),
(71, 2, 22, 5),
(72, 2, 5, 2),
(73, 3, 7, 4),
(74, 4, 19, 2),
(75, 1, 22, 1),
(76, 3, 4, 4),
(77, 4, 33, 3),
(78, 5, 11, 5),
(79, 5, 39, 1),
(80, 3, 11, 5),
(81, 1, 34, 1),
(82, 3, 18, 5),
(83, 4, 33, 2),
(84, 4, 32, 2),
(85, 2, 45, 5),
(86, 1, 3, 3),
(87, 5, 22, 1),
(88, 2, 42, 4),
(89, 3, 38, 1),
(90, 1, 6, 3),
(91, 3, 43, 3),
(92, 2, 8, 1),
(93, 3, 33, 4),
(94, 3, 36, 4),
(95, 5, 29, 3),
(96, 2, 22, 3),
(97, 5, 22, 2),
(98, 3, 19, 3),
(99, 4, 9, 4),
(100, 5, 43, 1),
(101, 2, 35, 4),
(102, 2, 37, 5),
(103, 3, 40, 2),
(104, 4, 27, 4),
(105, 5, 12, 3),
(106, 3, 43, 5),
(107, 5, 42, 1),
(108, 3, 34, 4),
(109, 1, 12, 2),
(110, 2, 34, 5),
(111, 1, 10, 4),
(112, 1, 19, 1),
(113, 5, 45, 1),
(114, 2, 34, 2),
(115, 3, 13, 3),
(116, 2, 37, 5),
(117, 1, 30, 1),
(118, 2, 34, 2),
(119, 4, 12, 1),
(120, 2, 2, 2),
(121, 4, 6, 4),
(122, 5, 37, 4),
(123, 3, 22, 5),
(124, 3, 15, 4),
(125, 2, 41, 1),
(126, 3, 21, 1),
(127, 1, 35, 1),
(128, 5, 16, 3),
(129, 4, 42, 4),
(130, 4, 14, 4),
(131, 2, 37, 2),
(132, 5, 25, 2),
(133, 5, 11, 2),
(134, 5, 9, 3),
(135, 2, 2, 5),
(136, 3, 20, 5),
(137, 4, 34, 2),
(138, 1, 34, 5),
(139, 1, 13, 3),
(140, 1, 2, 4),
(141, 4, 15, 2),
(142, 5, 18, 3),
(143, 5, 6, 5),
(144, 5, 31, 5),
(145, 4, 39, 4),
(146, 3, 20, 1),
(147, 5, 42, 2),
(148, 5, 14, 5),
(149, 1, 2, 5),
(150, 4, 7, 4),
(151, 1, 18, 4),
(152, 3, 35, 4),
(153, 2, 19, 1),
(154, 5, 39, 2),
(155, 4, 25, 4),
(156, 3, 37, 1),
(157, 4, 23, 3),
(158, 2, 38, 4),
(159, 3, 44, 1),
(160, 3, 18, 1),
(161, 3, 15, 2),
(162, 5, 37, 3),
(163, 4, 13, 2),
(164, 4, 3, 5),
(165, 5, 33, 5),
(166, 3, 14, 2),
(167, 2, 14, 5),
(168, 4, 43, 2),
(169, 5, 36, 1),
(170, 4, 27, 1),
(171, 5, 30, 1),
(172, 2, 3, 5),
(173, 5, 30, 4),
(174, 5, 15, 5),
(175, 1, 24, 1),
(176, 5, 16, 4),
(177, 1, 1, 5),
(178, 4, 8, 3),
(179, 1, 9, 1),
(180, 4, 12, 3),
(181, 3, 45, 2),
(182, 4, 42, 3),
(183, 5, 26, 2),
(184, 4, 36, 5),
(185, 1, 39, 5),
(186, 2, 35, 4),
(187, 5, 34, 3),
(188, 1, 24, 1),
(189, 5, 3, 3),
(190, 2, 30, 3),
(191, 3, 5, 4),
(192, 5, 10, 1),
(193, 3, 20, 5),
(194, 5, 31, 4),
(195, 1, 19, 5),
(196, 5, 5, 4),
(197, 3, 40, 3),
(198, 4, 7, 1),
(199, 2, 26, 5),
(200, 5, 39, 5),
(201, 5, 21, 4),
(202, 5, 24, 1),
(203, 3, 35, 3),
(204, 5, 27, 5),
(205, 5, 6, 5),
(206, 2, 32, 2),
(207, 4, 5, 5),
(208, 4, 10, 1),
(209, 3, 33, 5),
(210, 2, 13, 3),
(211, 4, 17, 3),
(212, 4, 27, 3),
(213, 4, 10, 2),
(214, 2, 34, 4),
(215, 5, 23, 2),
(216, 4, 2, 2),
(217, 1, 43, 3),
(218, 4, 35, 4),
(219, 4, 39, 1),
(220, 4, 17, 4),
(221, 1, 45, 3),
(222, 3, 35, 1),
(223, 2, 6, 2),
(224, 2, 42, 2),
(225, 2, 25, 5),
(226, 2, 6, 5),
(227, 1, 13, 4),
(228, 1, 23, 4),
(229, 2, 44, 4),
(230, 1, 7, 1),
(231, 4, 11, 4),
(232, 1, 37, 4),
(233, 5, 3, 1),
(234, 4, 28, 1),
(235, 4, 21, 1),
(236, 5, 22, 2),
(237, 3, 41, 2),
(238, 1, 43, 2),
(239, 3, 40, 3),
(240, 1, 34, 3),
(241, 4, 23, 1),
(242, 2, 43, 1),
(243, 1, 39, 4),
(244, 3, 20, 2),
(245, 4, 22, 4),
(246, 5, 39, 4),
(247, 5, 28, 1),
(248, 3, 7, 5),
(249, 2, 20, 2),
(250, 1, 11, 5),
(251, 4, 9, 2),
(252, 2, 22, 4),
(253, 1, 38, 5),
(254, 3, 36, 4),
(255, 5, 19, 1),
(256, 3, 19, 4),
(257, 5, 6, 3),
(258, 5, 35, 1),
(259, 1, 27, 2),
(260, 3, 21, 3),
(261, 3, 9, 5),
(262, 5, 8, 2),
(263, 4, 32, 5),
(264, 2, 12, 4),
(265, 1, 7, 1),
(266, 5, 17, 1),
(267, 4, 34, 1),
(268, 2, 3, 2),
(269, 3, 41, 3),
(270, 2, 37, 3),
(271, 2, 25, 2),
(272, 1, 38, 4),
(273, 1, 16, 4),
(274, 1, 24, 4),
(275, 5, 2, 5),
(276, 2, 21, 3),
(277, 4, 3, 3),
(278, 5, 28, 4),
(279, 5, 33, 1),
(280, 1, 2, 5),
(281, 5, 17, 1),
(282, 2, 18, 5),
(283, 5, 17, 5),
(284, 3, 8, 4),
(285, 2, 34, 1),
(286, 2, 9, 3),
(287, 2, 14, 5),
(288, 5, 38, 1),
(289, 2, 23, 4),
(290, 4, 21, 3),
(291, 4, 13, 3),
(292, 1, 29, 4),
(293, 5, 43, 5),
(294, 2, 29, 1),
(295, 2, 31, 1),
(296, 3, 2, 1),
(297, 1, 41, 2),
(298, 2, 4, 5),
(299, 5, 29, 5),
(300, 4, 16, 2),
(301, 3, 42, 1),
(302, 2, 25, 2),
(303, 4, 44, 4),
(304, 5, 40, 3),
(305, 3, 44, 4),
(306, 2, 20, 4),
(307, 4, 30, 5),
(308, 4, 13, 3),
(309, 5, 14, 3),
(310, 1, 39, 3),
(311, 5, 6, 4),
(312, 1, 18, 2),
(313, 1, 34, 1),
(314, 3, 27, 1),
(315, 1, 39, 5),
(316, 1, 19, 4),
(317, 3, 4, 1),
(318, 3, 22, 4),
(319, 5, 40, 3),
(320, 3, 8, 4),
(321, 1, 33, 1),
(322, 1, 18, 2),
(323, 1, 19, 5),
(324, 5, 33, 4),
(325, 3, 35, 4),
(326, 5, 19, 2),
(327, 5, 29, 3),
(328, 3, 36, 1),
(329, 1, 19, 3),
(330, 4, 13, 2),
(331, 2, 7, 2),
(332, 1, 9, 3),
(333, 2, 4, 1),
(334, 2, 1, 5),
(335, 2, 19, 2),
(336, 4, 39, 2),
(337, 3, 3, 3),
(338, 2, 31, 5),
(339, 3, 41, 2),
(340, 5, 37, 3),
(341, 1, 13, 4),
(342, 1, 27, 5),
(343, 2, 32, 4),
(344, 4, 22, 4),
(345, 4, 20, 5),
(346, 2, 4, 2),
(347, 3, 12, 1),
(348, 4, 44, 1),
(349, 2, 15, 5),
(350, 4, 1, 2),
(351, 5, 15, 3),
(352, 3, 39, 4),
(353, 3, 36, 2),
(354, 3, 30, 3),
(355, 2, 18, 2),
(356, 1, 8, 5),
(357, 4, 23, 1),
(358, 4, 26, 4),
(359, 4, 5, 2),
(360, 4, 19, 3),
(361, 3, 4, 3),
(362, 4, 34, 3),
(363, 2, 26, 4),
(364, 3, 43, 1),
(365, 1, 5, 1),
(366, 4, 37, 1),
(367, 5, 18, 3),
(368, 1, 4, 1),
(369, 1, 20, 3),
(370, 5, 18, 2),
(371, 5, 22, 4),
(372, 3, 18, 5),
(373, 4, 28, 1),
(374, 1, 43, 1),
(375, 2, 36, 3),
(376, 1, 19, 4),
(377, 3, 39, 3),
(378, 4, 41, 5),
(379, 1, 22, 3),
(380, 2, 13, 4),
(381, 4, 17, 2),
(382, 1, 9, 2),
(383, 5, 9, 5),
(384, 3, 21, 4),
(385, 5, 19, 4),
(386, 4, 33, 5),
(387, 5, 35, 3),
(388, 3, 9, 4),
(389, 4, 39, 2),
(390, 5, 45, 2),
(391, 1, 42, 2),
(392, 1, 33, 1),
(393, 1, 18, 2),
(394, 3, 18, 1),
(395, 3, 38, 3),
(396, 3, 30, 5),
(397, 5, 10, 4),
(398, 1, 2, 5),
(399, 1, 31, 3),
(400, 4, 12, 3),
(401, 1, 25, 3),
(402, 1, 25, 2),
(403, 3, 15, 5),
(404, 4, 4, 2),
(405, 2, 37, 3),
(406, 4, 5, 2),
(407, 1, 14, 1),
(408, 5, 9, 4),
(409, 1, 29, 1),
(410, 2, 19, 2),
(411, 1, 5, 1),
(412, 3, 28, 3),
(413, 2, 4, 1),
(414, 2, 6, 5),
(415, 2, 34, 4),
(416, 5, 42, 2),
(417, 5, 38, 5),
(418, 1, 14, 4),
(419, 4, 2, 1),
(420, 1, 5, 3),
(421, 3, 19, 4),
(422, 2, 16, 5),
(423, 4, 36, 2),
(424, 2, 4, 4),
(425, 2, 5, 1),
(426, 3, 3, 3),
(427, 5, 45, 5),
(428, 3, 24, 4),
(429, 5, 1, 4),
(430, 3, 19, 5),
(431, 5, 12, 2),
(432, 4, 5, 2),
(433, 5, 34, 3),
(434, 4, 2, 3),
(435, 4, 42, 5),
(436, 2, 45, 3),
(437, 5, 11, 4),
(438, 1, 42, 4),
(439, 3, 39, 4),
(440, 5, 25, 4),
(441, 5, 10, 4),
(442, 4, 20, 3),
(443, 5, 21, 3),
(444, 5, 30, 4),
(445, 5, 6, 5),
(446, 3, 15, 3),
(447, 1, 2, 1),
(448, 2, 17, 1),
(449, 4, 18, 4),
(450, 5, 42, 1),
(451, 1, 2, 3),
(452, 2, 23, 1),
(453, 4, 7, 5),
(454, 2, 16, 3),
(455, 3, 41, 2),
(456, 4, 42, 1),
(457, 2, 5, 5),
(458, 5, 11, 2),
(459, 5, 34, 1),
(460, 4, 32, 1),
(461, 1, 29, 3),
(462, 4, 45, 4),
(463, 2, 10, 5),
(464, 5, 36, 4),
(465, 5, 6, 3),
(466, 3, 25, 3),
(467, 5, 2, 4),
(468, 2, 38, 1),
(469, 1, 26, 1),
(470, 5, 26, 3),
(471, 5, 38, 4),
(472, 3, 43, 3),
(473, 2, 10, 2),
(474, 1, 5, 5),
(475, 4, 11, 5),
(476, 1, 10, 5),
(477, 2, 10, 5),
(478, 3, 30, 4),
(479, 3, 15, 4),
(480, 1, 16, 1),
(481, 1, 9, 4),
(482, 3, 12, 4),
(483, 5, 16, 1),
(484, 3, 12, 3),
(485, 3, 43, 2),
(486, 1, 34, 1),
(487, 1, 12, 2),
(488, 2, 22, 5),
(489, 2, 7, 2),
(490, 1, 44, 1),
(491, 4, 19, 4),
(492, 1, 15, 5),
(493, 1, 28, 5),
(494, 1, 6, 1),
(495, 2, 14, 1),
(496, 3, 27, 3),
(497, 3, 42, 4),
(498, 4, 33, 4),
(499, 5, 16, 5),
(500, 3, 38, 3),
(501, 2, 43, 1),
(502, 2, 10, 1),
(503, 4, 15, 4),
(504, 2, 19, 2),
(505, 4, 18, 3),
(506, 5, 28, 2),
(507, 1, 17, 4),
(508, 1, 12, 3),
(509, 3, 2, 2),
(510, 1, 3, 1),
(511, 4, 44, 2),
(512, 1, 24, 5),
(513, 4, 7, 4),
(514, 1, 35, 4),
(515, 4, 39, 5),
(516, 2, 31, 5),
(517, 3, 3, 2),
(518, 2, 1, 1),
(519, 5, 9, 2),
(520, 3, 29, 4),
(521, 5, 44, 3),
(522, 4, 28, 4),
(523, 1, 23, 1),
(524, 3, 7, 3),
(525, 5, 42, 5),
(526, 4, 12, 2),
(527, 1, 20, 2),
(528, 1, 18, 3),
(529, 1, 20, 2),
(530, 1, 8, 3),
(531, 2, 44, 2),
(532, 4, 13, 5),
(533, 4, 17, 3),
(534, 2, 30, 4),
(535, 2, 6, 5),
(536, 5, 12, 3),
(537, 5, 37, 4),
(538, 2, 8, 2),
(539, 4, 19, 4),
(540, 1, 44, 1),
(541, 3, 18, 2),
(542, 3, 41, 4),
(543, 4, 40, 2),
(544, 2, 3, 1),
(545, 3, 38, 2),
(546, 5, 24, 4),
(547, 5, 28, 2),
(548, 5, 8, 5),
(549, 2, 21, 4),
(550, 4, 20, 2),
(551, 5, 29, 3),
(552, 1, 2, 3),
(553, 2, 5, 4),
(554, 5, 24, 5),
(555, 3, 16, 2),
(556, 4, 8, 3),
(557, 2, 22, 3),
(558, 5, 3, 4),
(559, 1, 11, 4),
(560, 1, 22, 5),
(561, 5, 18, 3),
(562, 1, 35, 3),
(563, 4, 25, 5),
(564, 3, 34, 5),
(565, 1, 37, 3),
(566, 2, 34, 3),
(567, 4, 10, 5),
(568, 3, 32, 5),
(569, 3, 19, 5),
(570, 1, 5, 5),
(571, 1, 18, 5),
(572, 1, 35, 5),
(573, 3, 20, 5),
(574, 3, 21, 3),
(575, 5, 2, 2),
(576, 1, 17, 2),
(577, 4, 42, 2),
(578, 2, 45, 1),
(579, 4, 6, 5),
(580, 4, 19, 4),
(581, 3, 44, 2),
(582, 4, 14, 3),
(583, 1, 39, 2),
(584, 1, 17, 1),
(585, 4, 30, 3),
(586, 3, 23, 1),
(587, 3, 35, 2),
(588, 4, 3, 4),
(589, 4, 34, 1),
(590, 4, 10, 4),
(591, 3, 28, 2),
(592, 2, 26, 3),
(593, 5, 6, 5),
(594, 3, 30, 2),
(595, 2, 32, 2),
(596, 1, 20, 5),
(597, 5, 14, 2),
(598, 5, 19, 3),
(599, 1, 32, 5),
(600, 2, 42, 4),
(601, 3, 41, 3),
(602, 3, 36, 1),
(603, 5, 37, 4),
(604, 1, 25, 4),
(605, 3, 8, 1),
(606, 3, 32, 2),
(607, 3, 31, 1),
(608, 1, 44, 2),
(609, 4, 25, 1),
(610, 3, 26, 3),
(611, 5, 40, 2),
(612, 5, 11, 2),
(613, 5, 1, 4),
(614, 3, 28, 4),
(615, 3, 20, 1),
(616, 1, 2, 4),
(617, 4, 7, 2),
(618, 3, 11, 3),
(619, 3, 36, 4),
(620, 2, 40, 4),
(621, 1, 39, 3),
(622, 5, 37, 3),
(623, 4, 40, 3),
(624, 4, 38, 3),
(625, 2, 7, 2),
(626, 1, 36, 4),
(627, 5, 40, 1),
(628, 5, 27, 1),
(629, 2, 14, 1),
(630, 2, 37, 2),
(631, 4, 27, 3),
(632, 3, 32, 2),
(633, 2, 43, 1),
(634, 1, 10, 4),
(635, 5, 23, 5),
(636, 3, 3, 4),
(637, 1, 39, 2),
(638, 2, 3, 3),
(639, 1, 29, 2),
(640, 5, 26, 2),
(641, 4, 4, 2),
(642, 5, 15, 3),
(643, 4, 3, 3),
(644, 1, 11, 5),
(645, 2, 23, 5),
(646, 5, 30, 3),
(647, 4, 27, 5),
(648, 2, 45, 5),
(649, 3, 23, 1),
(650, 1, 5, 4),
(651, 3, 21, 3),
(652, 2, 25, 4),
(653, 5, 25, 5),
(654, 4, 5, 3),
(655, 3, 16, 2),
(656, 3, 37, 2),
(657, 5, 20, 1),
(658, 1, 4, 2),
(659, 5, 22, 4),
(660, 3, 7, 3),
(661, 3, 37, 4),
(662, 3, 16, 2),
(663, 3, 19, 5),
(664, 1, 14, 2),
(665, 1, 30, 4),
(666, 5, 10, 2),
(667, 5, 11, 2),
(668, 2, 43, 5),
(669, 2, 33, 4),
(670, 3, 31, 2),
(671, 5, 44, 1),
(672, 3, 28, 5),
(673, 2, 17, 4),
(674, 1, 3, 4),
(675, 1, 1, 4),
(676, 4, 34, 4),
(677, 3, 40, 3),
(678, 3, 18, 2),
(679, 5, 4, 3),
(680, 4, 34, 4),
(681, 2, 33, 4),
(682, 5, 6, 1),
(683, 5, 2, 5),
(684, 2, 42, 1),
(685, 3, 36, 2),
(686, 4, 38, 5),
(687, 2, 27, 3),
(688, 4, 22, 1),
(689, 3, 23, 4),
(690, 2, 4, 3),
(691, 1, 43, 5),
(692, 2, 41, 1),
(693, 2, 2, 1),
(694, 5, 3, 1),
(695, 3, 14, 4),
(696, 1, 9, 2),
(697, 5, 42, 4),
(698, 1, 39, 1),
(699, 5, 12, 4),
(700, 1, 32, 3),
(701, 4, 44, 1),
(702, 2, 40, 4),
(703, 1, 38, 2),
(704, 4, 21, 3),
(705, 1, 1, 5),
(706, 4, 20, 5),
(707, 3, 27, 1),
(708, 3, 2, 5),
(709, 5, 43, 2),
(710, 2, 26, 3),
(711, 3, 23, 2),
(712, 2, 12, 1),
(713, 5, 44, 1),
(714, 1, 42, 2),
(715, 5, 31, 2),
(716, 1, 25, 1),
(717, 3, 36, 3),
(718, 3, 30, 2),
(719, 5, 45, 4),
(720, 4, 1, 2),
(721, 5, 40, 5),
(722, 3, 39, 3),
(723, 3, 1, 3),
(724, 1, 22, 4),
(725, 5, 7, 1),
(726, 3, 15, 3),
(727, 3, 7, 2),
(728, 2, 22, 1),
(729, 4, 16, 2),
(730, 3, 18, 2),
(731, 4, 45, 2),
(732, 2, 44, 5),
(733, 5, 5, 5),
(734, 3, 27, 4),
(735, 1, 1, 1),
(736, 2, 45, 4),
(737, 1, 14, 1),
(738, 2, 8, 2),
(739, 4, 23, 4),
(740, 1, 11, 2),
(741, 2, 41, 2),
(742, 1, 22, 4),
(743, 2, 27, 1),
(744, 5, 2, 4),
(745, 5, 4, 5),
(746, 1, 4, 4),
(747, 4, 5, 3),
(748, 2, 7, 2),
(749, 3, 28, 4),
(750, 1, 15, 2),
(751, 4, 9, 3),
(752, 5, 11, 1),
(753, 5, 4, 3),
(754, 4, 19, 1),
(755, 4, 12, 3),
(756, 5, 15, 5),
(757, 1, 4, 1),
(758, 2, 23, 3),
(759, 5, 8, 3),
(760, 1, 2, 1),
(761, 2, 13, 1),
(762, 2, 3, 5),
(763, 1, 11, 2),
(764, 1, 13, 2),
(765, 2, 9, 2),
(766, 4, 22, 2),
(767, 1, 36, 5),
(768, 5, 28, 5),
(769, 2, 35, 1),
(770, 1, 19, 4),
(771, 2, 29, 1),
(772, 1, 4, 2),
(773, 1, 21, 4),
(774, 4, 5, 2),
(775, 1, 34, 2),
(776, 2, 19, 1),
(777, 4, 20, 1),
(778, 1, 19, 4),
(779, 4, 33, 5),
(780, 5, 40, 1),
(781, 3, 26, 5),
(782, 4, 2, 2),
(783, 1, 19, 1),
(784, 4, 21, 3),
(785, 4, 43, 4),
(786, 2, 2, 5),
(787, 2, 9, 1),
(788, 1, 28, 2),
(789, 2, 9, 4),
(790, 4, 42, 4),
(791, 2, 23, 3),
(792, 5, 44, 4),
(793, 4, 9, 5),
(794, 4, 43, 1),
(795, 2, 7, 4),
(796, 3, 25, 1),
(797, 4, 13, 2),
(798, 1, 30, 4),
(799, 3, 29, 4),
(800, 4, 43, 5),
(801, 5, 42, 2),
(802, 1, 9, 3),
(803, 1, 8, 1),
(804, 2, 27, 1),
(805, 1, 15, 2),
(806, 4, 29, 5),
(807, 2, 13, 3),
(808, 1, 16, 1),
(809, 4, 40, 5),
(810, 2, 40, 5),
(811, 1, 39, 4),
(812, 4, 45, 3),
(813, 1, 18, 3),
(814, 3, 12, 4),
(815, 2, 13, 3),
(816, 5, 42, 3),
(817, 3, 26, 2),
(818, 5, 5, 5),
(819, 1, 31, 3),
(820, 4, 36, 4),
(821, 5, 18, 5),
(822, 2, 29, 4),
(823, 3, 32, 1),
(824, 2, 10, 4),
(825, 3, 24, 3),
(826, 5, 23, 3),
(827, 1, 22, 2),
(828, 5, 22, 4),
(829, 1, 30, 3),
(830, 4, 28, 2),
(831, 1, 7, 4),
(832, 4, 32, 2),
(833, 4, 12, 2),
(834, 2, 27, 5),
(835, 2, 25, 1),
(836, 2, 5, 4),
(837, 3, 29, 4),
(838, 4, 6, 4),
(839, 5, 41, 2),
(840, 5, 15, 2),
(841, 5, 5, 5),
(842, 5, 10, 5),
(843, 1, 43, 3),
(844, 3, 23, 5),
(845, 2, 3, 2),
(846, 2, 43, 5),
(847, 1, 38, 3),
(848, 5, 17, 5),
(849, 3, 35, 5),
(850, 3, 43, 3),
(851, 2, 11, 2),
(852, 2, 31, 2),
(853, 2, 23, 4),
(854, 2, 22, 3),
(855, 3, 38, 4),
(856, 4, 3, 3),
(857, 3, 45, 4),
(858, 3, 14, 4),
(859, 1, 15, 5),
(860, 4, 4, 1),
(861, 2, 29, 5),
(862, 5, 22, 2),
(863, 5, 37, 4),
(864, 4, 20, 3),
(865, 2, 45, 4),
(866, 5, 38, 3),
(867, 3, 32, 1),
(868, 1, 21, 1),
(869, 3, 24, 3),
(870, 1, 33, 2),
(871, 2, 34, 1),
(872, 3, 40, 5),
(873, 3, 20, 4),
(874, 2, 36, 4),
(875, 4, 37, 3),
(876, 4, 14, 1),
(877, 4, 9, 2),
(878, 4, 36, 1),
(879, 3, 10, 3),
(880, 4, 17, 4),
(881, 2, 41, 3),
(882, 2, 22, 5),
(883, 5, 7, 1),
(884, 5, 9, 2),
(885, 4, 34, 5),
(886, 5, 5, 3),
(887, 1, 40, 4),
(888, 1, 23, 1),
(889, 5, 4, 2),
(890, 5, 34, 3),
(891, 4, 27, 4),
(892, 4, 45, 2),
(893, 5, 14, 4),
(894, 5, 4, 3),
(895, 1, 13, 3),
(896, 1, 21, 3),
(897, 1, 8, 3),
(898, 1, 19, 3),
(899, 2, 13, 5),
(900, 3, 37, 3),
(901, 5, 10, 1),
(902, 2, 33, 4),
(903, 3, 44, 3),
(904, 1, 14, 1),
(905, 3, 9, 4),
(906, 1, 19, 4),
(907, 1, 24, 5),
(908, 5, 17, 3),
(909, 5, 15, 2),
(910, 4, 39, 1),
(911, 4, 38, 2),
(912, 2, 41, 3),
(913, 3, 26, 5),
(914, 4, 5, 4),
(915, 2, 33, 2),
(916, 5, 21, 3),
(917, 4, 33, 2),
(918, 2, 12, 4),
(919, 1, 36, 5),
(920, 2, 31, 2),
(921, 5, 39, 2),
(922, 5, 41, 1),
(923, 3, 14, 5),
(924, 3, 8, 5),
(925, 2, 1, 3),
(926, 4, 14, 2),
(927, 3, 45, 4),
(928, 3, 40, 5),
(929, 1, 33, 5),
(930, 4, 29, 4),
(931, 3, 38, 2),
(932, 3, 39, 2),
(933, 3, 4, 4),
(934, 1, 26, 3),
(935, 3, 31, 4),
(936, 3, 13, 3),
(937, 3, 25, 4),
(938, 5, 32, 3),
(939, 5, 45, 2),
(940, 1, 14, 4),
(941, 3, 41, 4),
(942, 4, 4, 1),
(943, 1, 30, 4),
(944, 3, 3, 4),
(945, 1, 5, 3),
(946, 4, 13, 4),
(947, 1, 25, 3),
(948, 5, 31, 1),
(949, 2, 28, 5),
(950, 5, 34, 1),
(951, 1, 42, 4),
(952, 1, 22, 4),
(953, 2, 28, 1),
(954, 4, 32, 1),
(955, 5, 33, 5),
(956, 1, 25, 4),
(957, 4, 28, 1),
(958, 5, 37, 3),
(959, 3, 8, 3),
(960, 3, 39, 4),
(961, 3, 6, 3),
(962, 5, 9, 5),
(963, 5, 27, 1),
(964, 2, 15, 1),
(965, 1, 33, 1),
(966, 2, 24, 4),
(967, 1, 16, 4),
(968, 4, 17, 3),
(969, 4, 33, 2),
(970, 5, 12, 2),
(971, 4, 10, 4),
(972, 5, 3, 4),
(973, 5, 41, 3),
(974, 3, 36, 4),
(975, 4, 39, 2),
(976, 5, 20, 4),
(977, 5, 42, 3),
(978, 5, 21, 4),
(979, 5, 40, 2),
(980, 2, 28, 1),
(981, 3, 30, 4),
(982, 2, 44, 2),
(983, 4, 37, 2),
(984, 2, 7, 2),
(985, 4, 14, 2),
(986, 4, 3, 5),
(987, 1, 31, 3),
(988, 2, 14, 5),
(989, 5, 6, 2),
(990, 4, 11, 4),
(991, 3, 13, 3),
(992, 3, 4, 3),
(993, 3, 45, 1),
(994, 1, 44, 4),
(995, 1, 31, 2),
(996, 3, 18, 4),
(997, 4, 30, 5),
(998, 2, 14, 5),
(999, 1, 23, 4),
(1000, 5, 15, 3),
(1001, 5, 39, 1),
(1002, 3, 25, 4),
(1003, 4, 10, 1),
(1004, 5, 4, 2),
(1005, 5, 30, 3),
(1006, 1, 38, 1),
(1007, 4, 6, 1),
(1008, 5, 16, 3),
(1009, 3, 6, 1),
(1010, 4, 19, 5),
(1011, 1, 11, 2),
(1012, 2, 37, 2),
(1013, 4, 1, 4),
(1014, 3, 25, 2),
(1015, 3, 16, 4),
(1016, 1, 14, 4),
(1017, 5, 31, 4),
(1018, 2, 11, 2),
(1019, 3, 8, 4),
(1020, 3, 14, 2),
(1021, 5, 35, 4),
(1022, 2, 17, 3),
(1023, 5, 19, 1),
(1024, 2, 9, 5),
(1025, 2, 36, 1),
(1026, 1, 37, 4),
(1027, 2, 19, 4),
(1028, 2, 23, 4),
(1029, 2, 37, 4),
(1030, 1, 31, 2),
(1031, 5, 40, 3),
(1032, 5, 3, 5),
(1033, 1, 11, 3),
(1034, 1, 27, 3),
(1035, 3, 13, 1),
(1036, 4, 2, 5),
(1037, 3, 12, 1),
(1038, 4, 32, 3),
(1039, 2, 33, 5),
(1040, 2, 13, 4),
(1041, 1, 39, 5),
(1042, 3, 25, 4),
(1043, 5, 11, 1),
(1044, 5, 39, 4),
(1045, 2, 4, 5),
(1046, 2, 13, 5),
(1047, 3, 29, 2),
(1048, 3, 25, 1),
(1049, 1, 36, 1),
(1050, 4, 24, 5),
(1051, 5, 9, 2),
(1052, 5, 17, 5),
(1053, 5, 23, 2),
(1054, 1, 12, 2),
(1055, 5, 21, 2),
(1056, 1, 8, 4),
(1057, 5, 24, 4),
(1058, 4, 3, 4),
(1059, 4, 27, 5),
(1060, 3, 21, 3),
(1061, 3, 16, 2),
(1062, 1, 34, 3),
(1063, 4, 45, 3),
(1064, 1, 41, 4),
(1065, 3, 10, 5),
(1066, 5, 33, 5),
(1067, 3, 39, 5),
(1068, 5, 21, 5),
(1069, 4, 4, 1),
(1070, 3, 11, 2),
(1071, 3, 29, 3),
(1072, 5, 1, 3),
(1073, 2, 43, 1),
(1074, 1, 9, 3),
(1075, 4, 44, 1),
(1076, 4, 31, 3),
(1077, 2, 11, 3),
(1078, 5, 5, 2),
(1079, 4, 14, 3),
(1080, 3, 35, 1),
(1081, 3, 27, 3),
(1082, 3, 1, 4),
(1083, 4, 28, 4),
(1084, 5, 27, 1),
(1085, 4, 34, 5),
(1086, 3, 22, 4),
(1087, 4, 34, 1),
(1088, 3, 6, 5),
(1089, 3, 35, 2),
(1090, 4, 24, 4),
(1091, 2, 2, 5),
(1092, 4, 42, 2),
(1093, 1, 5, 3),
(1094, 4, 9, 3),
(1095, 2, 28, 5),
(1096, 5, 21, 4),
(1097, 5, 31, 2),
(1098, 5, 31, 3),
(1099, 5, 7, 2),
(1100, 4, 19, 3),
(1101, 3, 33, 4),
(1102, 3, 7, 5),
(1103, 1, 44, 4),
(1104, 5, 10, 5),
(1105, 4, 26, 2),
(1106, 5, 25, 1),
(1107, 3, 29, 2),
(1108, 1, 30, 4),
(1109, 3, 45, 4),
(1110, 5, 14, 5),
(1111, 3, 17, 5),
(1112, 3, 10, 1),
(1113, 2, 44, 2),
(1114, 4, 41, 1),
(1115, 2, 44, 5),
(1116, 2, 15, 5),
(1117, 2, 10, 2),
(1118, 2, 33, 2),
(1119, 4, 25, 3),
(1120, 2, 44, 2),
(1121, 3, 31, 2),
(1122, 4, 22, 4),
(1123, 3, 34, 2),
(1124, 2, 10, 1),
(1125, 3, 20, 3),
(1126, 2, 41, 3),
(1127, 1, 34, 2),
(1128, 2, 4, 5),
(1129, 1, 7, 1),
(1130, 5, 22, 5),
(1131, 2, 2, 4),
(1132, 1, 13, 4),
(1133, 2, 44, 1),
(1134, 3, 5, 2),
(1135, 5, 27, 1),
(1136, 3, 26, 5),
(1137, 5, 43, 1),
(1138, 5, 21, 3),
(1139, 4, 2, 1),
(1140, 4, 1, 4),
(1141, 3, 22, 3),
(1142, 3, 36, 3),
(1143, 5, 7, 1),
(1144, 1, 15, 2),
(1145, 1, 15, 5),
(1146, 1, 40, 5),
(1147, 5, 43, 1),
(1148, 1, 5, 5),
(1149, 4, 28, 5),
(1150, 4, 42, 5),
(1151, 2, 7, 2),
(1152, 1, 18, 3),
(1153, 2, 19, 1),
(1154, 3, 9, 4),
(1155, 4, 10, 1),
(1156, 4, 39, 3),
(1157, 4, 20, 1),
(1158, 1, 4, 2),
(1159, 5, 43, 2),
(1160, 3, 4, 5),
(1161, 1, 42, 1),
(1162, 4, 36, 1),
(1163, 4, 12, 2),
(1164, 2, 21, 5),
(1165, 5, 31, 5),
(1166, 1, 18, 3),
(1167, 5, 41, 1),
(1168, 3, 6, 2),
(1169, 5, 40, 3),
(1170, 4, 35, 4),
(1171, 1, 34, 4),
(1172, 2, 33, 4),
(1173, 3, 20, 4),
(1174, 4, 32, 3),
(1175, 5, 5, 2),
(1176, 4, 42, 3),
(1177, 3, 1, 5),
(1178, 2, 45, 5),
(1179, 5, 43, 1),
(1180, 2, 22, 2),
(1181, 5, 25, 5),
(1182, 3, 9, 4),
(1183, 1, 40, 3),
(1184, 3, 9, 2),
(1185, 5, 37, 1),
(1186, 4, 17, 5),
(1187, 3, 13, 5),
(1188, 5, 35, 4),
(1189, 1, 1, 4),
(1190, 1, 2, 5),
(1191, 4, 17, 1),
(1192, 5, 39, 3),
(1193, 4, 18, 1),
(1194, 2, 3, 5),
(1195, 2, 26, 4),
(1196, 4, 28, 5),
(1197, 5, 19, 1),
(1198, 2, 31, 1),
(1199, 5, 28, 5),
(1200, 1, 24, 2),
(1201, 1, 10, 4),
(1202, 2, 5, 4),
(1203, 3, 13, 4),
(1204, 5, 1, 5),
(1205, 5, 33, 3),
(1206, 2, 36, 1),
(1207, 1, 1, 4),
(1208, 4, 41, 2),
(1209, 4, 17, 2),
(1210, 1, 34, 1),
(1211, 5, 12, 3),
(1212, 2, 25, 4),
(1213, 3, 14, 3),
(1214, 1, 27, 2),
(1215, 1, 25, 4),
(1216, 3, 24, 5),
(1217, 3, 12, 3),
(1218, 1, 6, 2),
(1219, 5, 26, 5),
(1220, 2, 2, 2),
(1221, 4, 21, 2),
(1222, 1, 32, 4),
(1223, 5, 9, 3),
(1224, 1, 23, 5),
(1225, 3, 8, 2),
(1226, 1, 17, 1),
(1227, 5, 2, 3),
(1228, 3, 18, 5),
(1229, 3, 29, 3),
(1230, 4, 22, 3),
(1231, 3, 3, 1),
(1232, 1, 35, 5),
(1233, 5, 21, 5),
(1234, 4, 5, 5),
(1235, 4, 11, 5),
(1236, 4, 3, 4),
(1237, 3, 16, 1),
(1238, 5, 19, 5),
(1239, 4, 5, 2),
(1240, 2, 28, 1),
(1241, 4, 18, 1),
(1242, 2, 29, 4),
(1243, 4, 35, 3),
(1244, 4, 13, 1),
(1245, 1, 20, 5),
(1246, 5, 42, 5),
(1247, 1, 9, 3),
(1248, 2, 30, 4),
(1249, 1, 26, 1),
(1250, 1, 31, 2),
(1251, 1, 42, 2),
(1252, 4, 16, 3),
(1253, 2, 39, 5),
(1254, 1, 17, 1),
(1255, 3, 20, 5),
(1256, 1, 35, 5),
(1257, 3, 29, 1),
(1258, 5, 11, 2),
(1259, 3, 23, 4),
(1260, 2, 1, 1),
(1261, 1, 38, 3),
(1262, 5, 9, 4),
(1263, 3, 36, 4),
(1264, 1, 45, 3),
(1265, 2, 12, 2),
(1266, 3, 2, 2),
(1267, 3, 2, 3),
(1268, 5, 5, 4),
(1269, 5, 45, 5),
(1270, 5, 42, 3),
(1271, 4, 37, 5),
(1272, 1, 16, 4),
(1273, 4, 28, 4),
(1274, 4, 24, 1),
(1275, 4, 15, 2),
(1276, 2, 36, 4),
(1277, 5, 7, 3),
(1278, 2, 14, 3),
(1279, 4, 4, 5),
(1280, 3, 24, 2),
(1281, 4, 30, 3),
(1282, 2, 30, 2),
(1283, 3, 4, 1),
(1284, 3, 1, 5),
(1285, 2, 42, 4),
(1286, 4, 12, 2),
(1287, 4, 11, 3),
(1288, 4, 21, 1),
(1289, 4, 38, 4),
(1290, 1, 26, 1),
(1291, 3, 29, 5),
(1292, 4, 11, 2),
(1293, 2, 44, 1),
(1294, 5, 30, 3),
(1295, 5, 14, 2),
(1296, 3, 18, 4),
(1297, 3, 9, 3),
(1298, 2, 42, 5),
(1299, 4, 5, 4),
(1300, 3, 27, 3),
(1301, 4, 33, 1),
(1302, 1, 27, 4),
(1303, 3, 20, 3),
(1304, 3, 41, 1),
(1305, 4, 8, 4),
(1306, 3, 25, 5),
(1307, 1, 1, 4),
(1308, 5, 5, 1),
(1309, 5, 3, 2),
(1310, 4, 45, 4),
(1311, 5, 31, 1),
(1312, 5, 29, 2),
(1313, 1, 3, 2),
(1314, 3, 8, 2),
(1315, 2, 20, 5),
(1316, 2, 27, 5),
(1317, 5, 29, 1),
(1318, 1, 28, 3),
(1319, 5, 22, 3),
(1320, 3, 14, 4),
(1321, 3, 38, 5),
(1322, 4, 27, 5),
(1323, 5, 19, 3),
(1324, 3, 29, 5),
(1325, 5, 28, 2),
(1326, 3, 34, 1),
(1327, 2, 10, 4),
(1328, 2, 3, 3),
(1329, 2, 25, 3),
(1330, 5, 7, 1),
(1331, 5, 36, 4),
(1332, 5, 16, 2),
(1333, 1, 16, 3),
(1334, 4, 10, 3),
(1335, 3, 6, 5),
(1336, 5, 4, 4),
(1337, 1, 24, 5),
(1338, 3, 40, 2),
(1339, 2, 43, 2),
(1340, 3, 45, 2),
(1341, 3, 10, 5),
(1342, 4, 4, 2),
(1343, 4, 7, 3),
(1344, 4, 14, 4),
(1345, 4, 15, 2),
(1346, 4, 16, 4),
(1347, 1, 39, 4),
(1348, 1, 38, 1),
(1349, 4, 13, 4),
(1350, 2, 19, 4),
(1351, 5, 6, 4),
(1352, 5, 40, 4),
(1353, 1, 39, 3),
(1354, 5, 27, 5),
(1355, 3, 14, 1),
(1356, 5, 26, 2),
(1357, 5, 37, 2),
(1358, 5, 41, 2),
(1359, 3, 45, 4),
(1360, 4, 28, 1),
(1361, 1, 39, 1),
(1362, 2, 19, 4),
(1363, 1, 40, 3),
(1364, 3, 36, 3),
(1365, 3, 35, 2),
(1366, 1, 18, 2),
(1367, 2, 5, 4),
(1368, 1, 24, 1),
(1369, 1, 19, 4),
(1370, 4, 17, 1),
(1371, 1, 13, 2),
(1372, 4, 27, 2),
(1373, 1, 37, 4),
(1374, 5, 14, 1),
(1375, 4, 28, 5),
(1376, 4, 13, 5),
(1377, 5, 43, 3),
(1378, 5, 35, 3),
(1379, 4, 22, 3),
(1380, 4, 26, 3),
(1381, 3, 36, 5),
(1382, 1, 6, 2),
(1383, 4, 18, 4),
(1384, 1, 22, 4),
(1385, 4, 44, 5),
(1386, 3, 32, 3),
(1387, 4, 33, 5),
(1388, 4, 33, 2),
(1389, 3, 32, 1),
(1390, 5, 33, 4),
(1391, 5, 13, 5),
(1392, 5, 2, 3),
(1393, 5, 29, 2),
(1394, 2, 1, 5),
(1395, 2, 31, 2),
(1396, 1, 42, 4),
(1397, 2, 21, 1),
(1398, 5, 35, 2),
(1399, 5, 12, 1),
(1400, 5, 20, 2),
(1401, 3, 16, 5),
(1402, 3, 17, 5),
(1403, 5, 33, 2),
(1404, 3, 8, 5),
(1405, 5, 44, 4),
(1406, 5, 15, 5),
(1407, 3, 41, 1),
(1408, 5, 2, 3),
(1409, 5, 13, 3),
(1410, 3, 2, 5),
(1411, 5, 7, 5),
(1412, 1, 42, 5),
(1413, 2, 1, 5),
(1414, 4, 24, 4),
(1415, 3, 24, 5),
(1416, 5, 26, 1),
(1417, 5, 2, 2),
(1418, 3, 38, 1),
(1419, 1, 7, 3),
(1420, 5, 26, 2),
(1421, 2, 14, 4),
(1422, 4, 27, 3),
(1423, 2, 28, 1),
(1424, 1, 27, 3),
(1425, 5, 27, 2),
(1426, 1, 16, 5),
(1427, 4, 33, 2),
(1428, 1, 15, 5),
(1429, 2, 43, 5),
(1430, 2, 43, 5),
(1431, 4, 4, 5),
(1432, 3, 27, 5),
(1433, 2, 12, 2),
(1434, 5, 37, 2),
(1435, 5, 19, 4),
(1436, 3, 6, 4),
(1437, 1, 1, 3),
(1438, 3, 44, 4),
(1439, 5, 5, 4),
(1440, 1, 5, 4),
(1441, 5, 22, 1),
(1442, 1, 31, 3),
(1443, 3, 1, 2),
(1444, 2, 12, 2),
(1445, 3, 26, 3),
(1446, 4, 38, 4),
(1447, 2, 2, 3),
(1448, 2, 26, 4),
(1449, 4, 45, 3),
(1450, 1, 6, 4),
(1451, 4, 36, 1),
(1452, 4, 1, 2),
(1453, 3, 35, 1),
(1454, 3, 32, 2),
(1455, 1, 16, 2),
(1456, 4, 34, 5),
(1457, 3, 32, 5),
(1458, 1, 33, 1),
(1459, 5, 17, 3),
(1460, 3, 1, 5),
(1461, 5, 34, 4),
(1462, 1, 24, 4),
(1463, 5, 36, 1),
(1464, 4, 23, 2),
(1465, 3, 35, 2),
(1466, 3, 24, 2),
(1467, 3, 29, 4),
(1468, 4, 18, 5),
(1469, 1, 20, 1),
(1470, 3, 41, 5),
(1471, 1, 27, 1),
(1472, 4, 40, 4),
(1473, 5, 9, 3),
(1474, 1, 44, 4),
(1475, 5, 17, 3),
(1476, 2, 30, 1),
(1477, 2, 23, 1),
(1478, 3, 9, 5),
(1479, 2, 42, 2),
(1480, 5, 31, 3),
(1481, 1, 40, 4),
(1482, 1, 43, 4),
(1483, 5, 30, 3),
(1484, 3, 41, 5),
(1485, 4, 44, 5),
(1486, 2, 6, 1),
(1487, 2, 14, 2),
(1488, 3, 3, 1),
(1489, 1, 20, 2),
(1490, 2, 21, 4),
(1491, 2, 9, 1),
(1492, 5, 15, 4),
(1493, 2, 31, 3),
(1494, 3, 31, 1),
(1495, 5, 22, 4),
(1496, 4, 2, 3),
(1497, 3, 3, 1),
(1498, 5, 32, 2),
(1499, 2, 12, 1),
(1500, 4, 30, 5),
(1501, 4, 16, 2),
(1502, 5, 44, 1),
(1503, 2, 24, 1),
(1504, 1, 41, 5),
(1505, 3, 14, 5),
(1506, 2, 29, 2),
(1507, 4, 7, 1),
(1508, 3, 43, 2),
(1509, 1, 25, 1),
(1510, 1, 11, 4),
(1511, 5, 32, 4),
(1512, 4, 4, 4),
(1513, 2, 18, 3),
(1514, 1, 13, 2),
(1515, 4, 6, 1),
(1516, 4, 12, 1),
(1517, 4, 42, 1),
(1518, 4, 4, 5),
(1519, 5, 31, 2),
(1520, 1, 2, 3),
(1521, 4, 26, 5),
(1522, 2, 5, 2),
(1523, 2, 6, 2),
(1524, 3, 8, 4),
(1525, 3, 19, 3),
(1526, 2, 3, 4),
(1527, 4, 2, 3),
(1528, 3, 27, 3),
(1529, 4, 4, 2),
(1530, 2, 12, 5),
(1531, 2, 11, 5),
(1532, 2, 3, 1),
(1533, 5, 3, 1),
(1534, 4, 44, 5),
(1535, 4, 23, 5),
(1536, 5, 32, 2),
(1537, 3, 30, 3),
(1538, 3, 2, 4),
(1539, 5, 1, 1),
(1540, 1, 27, 2),
(1541, 2, 16, 2),
(1542, 2, 26, 5),
(1543, 3, 12, 1),
(1544, 1, 20, 4),
(1545, 1, 28, 1),
(1546, 2, 8, 3),
(1547, 5, 24, 4),
(1548, 1, 21, 4),
(1549, 5, 17, 2),
(1550, 2, 7, 5),
(1551, 4, 1, 1),
(1552, 4, 15, 1),
(1553, 4, 36, 5),
(1554, 5, 6, 3),
(1555, 1, 18, 3),
(1556, 4, 6, 2),
(1557, 5, 39, 5),
(1558, 2, 19, 4),
(1559, 2, 10, 3),
(1560, 4, 26, 2),
(1561, 2, 9, 3),
(1562, 3, 44, 1),
(1563, 1, 22, 2),
(1564, 1, 33, 5),
(1565, 3, 38, 1),
(1566, 1, 17, 2),
(1567, 2, 34, 5),
(1568, 2, 19, 1),
(1569, 4, 32, 4),
(1570, 2, 1, 3),
(1571, 1, 22, 3),
(1572, 2, 32, 4),
(1573, 1, 3, 2),
(1574, 3, 18, 5),
(1575, 3, 17, 2),
(1576, 2, 16, 5),
(1577, 4, 5, 4),
(1578, 1, 31, 1),
(1579, 4, 35, 4),
(1580, 1, 10, 3),
(1581, 1, 36, 5),
(1582, 2, 26, 5),
(1583, 4, 15, 4),
(1584, 3, 40, 2),
(1585, 5, 27, 1),
(1586, 2, 35, 5),
(1587, 1, 10, 4),
(1588, 3, 38, 1),
(1589, 5, 44, 2),
(1590, 3, 14, 3),
(1591, 3, 9, 2),
(1592, 3, 14, 2),
(1593, 5, 37, 2),
(1594, 4, 40, 1),
(1595, 5, 44, 4),
(1596, 5, 15, 2),
(1597, 3, 15, 5),
(1598, 2, 25, 2),
(1599, 3, 10, 2),
(1600, 1, 23, 2),
(1601, 4, 11, 1),
(1602, 1, 21, 3),
(1603, 5, 1, 4),
(1604, 5, 17, 4),
(1605, 5, 36, 2),
(1606, 2, 21, 1),
(1607, 1, 9, 1),
(1608, 4, 10, 5),
(1609, 5, 5, 2),
(1610, 4, 25, 3),
(1611, 1, 41, 1),
(1612, 5, 10, 3),
(1613, 2, 34, 5),
(1614, 4, 1, 1),
(1615, 2, 13, 2),
(1616, 2, 23, 2),
(1617, 1, 41, 3),
(1618, 5, 28, 3),
(1619, 3, 42, 4),
(1620, 5, 11, 5),
(1621, 1, 32, 1),
(1622, 5, 30, 1),
(1623, 1, 41, 1),
(1624, 4, 42, 1),
(1625, 1, 32, 5),
(1626, 4, 35, 4),
(1627, 1, 40, 4),
(1628, 5, 41, 3),
(1629, 2, 9, 3),
(1630, 1, 22, 4),
(1631, 4, 5, 2),
(1632, 5, 45, 5),
(1633, 2, 2, 2),
(1634, 2, 12, 3),
(1635, 4, 26, 4),
(1636, 5, 16, 1),
(1637, 4, 38, 4),
(1638, 4, 33, 3),
(1639, 2, 19, 4),
(1640, 2, 31, 3),
(1641, 3, 23, 4),
(1642, 2, 3, 3),
(1643, 1, 35, 5),
(1644, 4, 9, 3),
(1645, 1, 10, 5),
(1646, 5, 36, 3),
(1647, 2, 37, 3),
(1648, 3, 43, 3),
(1649, 3, 27, 3),
(1650, 2, 5, 4),
(1651, 3, 30, 2),
(1652, 1, 33, 4),
(1653, 1, 29, 2),
(1654, 1, 33, 4),
(1655, 5, 4, 1),
(1656, 3, 27, 1),
(1657, 1, 42, 3),
(1658, 4, 8, 4),
(1659, 1, 8, 1),
(1660, 1, 33, 4),
(1661, 5, 8, 2),
(1662, 4, 22, 4),
(1663, 4, 20, 4),
(1664, 3, 42, 2),
(1665, 3, 5, 2),
(1666, 1, 41, 1),
(1667, 1, 2, 1),
(1668, 5, 43, 4),
(1669, 5, 37, 4),
(1670, 5, 20, 1),
(1671, 1, 41, 2),
(1672, 2, 12, 3),
(1673, 3, 21, 4),
(1674, 4, 29, 3),
(1675, 4, 27, 5),
(1676, 2, 37, 1),
(1677, 1, 9, 5),
(1678, 2, 20, 5),
(1679, 4, 39, 1),
(1680, 1, 45, 2),
(1681, 4, 12, 3),
(1682, 3, 38, 2),
(1683, 1, 8, 5),
(1684, 3, 33, 3),
(1685, 4, 20, 2),
(1686, 1, 29, 2),
(1687, 3, 9, 5),
(1688, 4, 1, 5),
(1689, 2, 6, 4),
(1690, 4, 31, 2),
(1691, 2, 39, 5),
(1692, 5, 19, 3),
(1693, 4, 8, 3),
(1694, 4, 38, 1),
(1695, 5, 35, 4),
(1696, 5, 43, 2),
(1697, 5, 7, 4),
(1698, 4, 26, 2),
(1699, 2, 13, 3),
(1700, 1, 13, 4),
(1701, 3, 32, 2),
(1702, 3, 32, 4),
(1703, 2, 37, 4),
(1704, 1, 40, 4),
(1705, 4, 45, 4),
(1706, 1, 32, 2),
(1707, 4, 9, 3),
(1708, 1, 33, 3),
(1709, 5, 18, 5),
(1710, 5, 44, 4),
(1711, 5, 3, 5),
(1712, 1, 11, 1),
(1713, 3, 40, 4),
(1714, 4, 35, 1),
(1715, 3, 12, 3),
(1716, 2, 6, 2),
(1717, 2, 17, 3),
(1718, 1, 19, 3),
(1719, 4, 28, 1),
(1720, 3, 14, 4),
(1721, 3, 21, 2),
(1722, 3, 7, 3),
(1723, 4, 15, 1),
(1724, 1, 44, 1),
(1725, 5, 39, 3),
(1726, 4, 43, 5),
(1727, 2, 21, 2),
(1728, 5, 45, 3),
(1729, 4, 26, 4),
(1730, 2, 8, 4),
(1731, 4, 15, 4),
(1732, 5, 35, 1),
(1733, 3, 21, 4),
(1734, 4, 28, 1),
(1735, 4, 3, 5),
(1736, 3, 10, 2),
(1737, 1, 19, 3),
(1738, 3, 13, 3),
(1739, 1, 24, 5),
(1740, 1, 17, 2),
(1741, 4, 18, 1),
(1742, 2, 41, 3),
(1743, 5, 13, 2),
(1744, 2, 40, 4),
(1745, 5, 45, 2),
(1746, 2, 3, 4),
(1747, 2, 31, 2),
(1748, 2, 6, 4),
(1749, 3, 8, 3),
(1750, 5, 14, 5),
(1751, 2, 45, 4),
(1752, 3, 8, 2),
(1753, 3, 40, 3),
(1754, 1, 38, 5),
(1755, 4, 2, 2),
(1756, 2, 37, 5),
(1757, 5, 27, 1),
(1758, 2, 17, 5),
(1759, 4, 5, 3),
(1760, 1, 13, 1),
(1761, 2, 8, 2),
(1762, 3, 11, 3),
(1763, 5, 25, 4),
(1764, 3, 12, 2),
(1765, 3, 5, 5),
(1766, 2, 2, 3),
(1767, 2, 26, 2),
(1768, 5, 31, 5),
(1769, 1, 21, 4),
(1770, 3, 28, 4),
(1771, 5, 8, 1),
(1772, 3, 14, 1),
(1773, 3, 9, 5),
(1774, 3, 41, 1),
(1775, 2, 35, 2),
(1776, 5, 1, 4),
(1777, 4, 3, 4),
(1778, 5, 31, 1),
(1779, 3, 8, 2),
(1780, 3, 30, 4),
(1781, 4, 39, 2),
(1782, 5, 44, 4),
(1783, 1, 40, 2),
(1784, 1, 3, 3),
(1785, 1, 28, 4),
(1786, 1, 30, 4),
(1787, 1, 4, 2),
(1788, 4, 15, 4),
(1789, 1, 10, 5),
(1790, 5, 45, 5),
(1791, 5, 15, 2),
(1792, 2, 42, 4),
(1793, 4, 10, 4),
(1794, 5, 35, 4),
(1795, 1, 41, 2),
(1796, 3, 35, 5),
(1797, 4, 18, 1),
(1798, 2, 29, 2),
(1799, 2, 3, 2),
(1800, 1, 6, 5),
(1801, 5, 30, 3),
(1802, 4, 39, 3),
(1803, 4, 40, 4),
(1804, 4, 7, 4),
(1805, 1, 9, 3),
(1806, 4, 21, 2),
(1807, 3, 10, 5),
(1808, 4, 30, 1),
(1809, 5, 33, 4),
(1810, 3, 32, 4),
(1811, 3, 45, 2),
(1812, 1, 20, 2),
(1813, 1, 17, 2),
(1814, 1, 1, 5),
(1815, 3, 14, 3),
(1816, 4, 3, 5),
(1817, 2, 18, 5),
(1818, 5, 24, 1),
(1819, 5, 35, 5),
(1820, 2, 12, 2),
(1821, 4, 41, 1),
(1822, 2, 23, 3),
(1823, 3, 34, 2),
(1824, 5, 17, 2),
(1825, 4, 27, 3),
(1826, 4, 32, 5),
(1827, 3, 9, 2),
(1828, 5, 10, 2),
(1829, 3, 19, 3),
(1830, 4, 32, 4),
(1831, 2, 40, 5),
(1832, 2, 24, 5),
(1833, 4, 8, 2),
(1834, 3, 41, 5),
(1835, 4, 23, 1),
(1836, 3, 25, 5),
(1837, 3, 30, 4),
(1838, 2, 38, 5),
(1839, 5, 37, 3),
(1840, 5, 13, 4),
(1841, 2, 43, 1),
(1842, 3, 29, 3),
(1843, 4, 35, 2),
(1844, 5, 35, 4),
(1845, 3, 29, 5),
(1846, 3, 7, 1),
(1847, 4, 15, 3),
(1848, 5, 18, 3),
(1849, 2, 10, 1),
(1850, 4, 20, 5),
(1851, 5, 33, 1),
(1852, 1, 22, 4),
(1853, 5, 39, 5),
(1854, 3, 17, 4),
(1855, 2, 21, 1),
(1856, 4, 27, 3),
(1857, 4, 25, 2),
(1858, 2, 45, 3),
(1859, 5, 4, 2),
(1860, 2, 39, 1),
(1861, 1, 6, 5),
(1862, 1, 3, 1),
(1863, 5, 13, 1),
(1864, 1, 14, 5),
(1865, 5, 38, 3),
(1866, 2, 15, 3),
(1867, 4, 12, 2),
(1868, 5, 40, 3),
(1869, 2, 3, 1),
(1870, 1, 40, 3),
(1871, 3, 26, 2),
(1872, 3, 26, 1),
(1873, 3, 31, 2),
(1874, 3, 39, 2),
(1875, 3, 20, 5),
(1876, 4, 29, 3),
(1877, 2, 37, 1),
(1878, 2, 18, 3),
(1879, 3, 6, 2),
(1880, 3, 14, 3),
(1881, 1, 2, 5),
(1882, 5, 20, 3),
(1883, 5, 21, 5),
(1884, 5, 21, 1),
(1885, 1, 7, 4),
(1886, 2, 22, 2),
(1887, 3, 14, 4),
(1888, 4, 31, 5),
(1889, 5, 25, 4),
(1890, 4, 9, 3),
(1891, 3, 34, 4),
(1892, 1, 40, 4),
(1893, 3, 40, 5),
(1894, 1, 25, 4),
(1895, 5, 6, 4),
(1896, 1, 19, 2),
(1897, 5, 35, 2),
(1898, 2, 5, 4),
(1899, 2, 7, 5),
(1900, 1, 44, 5),
(1901, 1, 39, 1),
(1902, 2, 3, 1),
(1903, 2, 34, 2),
(1904, 4, 23, 5),
(1905, 5, 10, 2),
(1906, 4, 16, 5),
(1907, 5, 36, 2),
(1908, 3, 23, 4),
(1909, 1, 16, 1),
(1910, 3, 31, 4),
(1911, 2, 31, 2),
(1912, 5, 3, 4),
(1913, 3, 33, 3),
(1914, 1, 1, 1),
(1915, 1, 38, 3),
(1916, 3, 27, 1),
(1917, 3, 33, 5),
(1918, 4, 18, 4),
(1919, 4, 30, 5),
(1920, 5, 40, 2),
(1921, 1, 38, 1),
(1922, 2, 6, 1),
(1923, 2, 37, 4),
(1924, 4, 28, 1),
(1925, 2, 10, 2),
(1926, 1, 40, 3),
(1927, 4, 21, 2),
(1928, 1, 9, 5),
(1929, 1, 42, 5),
(1930, 1, 15, 2),
(1931, 5, 20, 3),
(1932, 3, 25, 4),
(1933, 4, 28, 1),
(1934, 2, 3, 5),
(1935, 1, 25, 2),
(1936, 1, 9, 3),
(1937, 1, 41, 3),
(1938, 3, 22, 3),
(1939, 4, 45, 3),
(1940, 5, 6, 3),
(1941, 5, 10, 2),
(1942, 1, 17, 5),
(1943, 2, 17, 3),
(1944, 5, 10, 2),
(1945, 4, 35, 2),
(1946, 5, 32, 1),
(1947, 3, 43, 4),
(1948, 1, 15, 4),
(1949, 2, 19, 1),
(1950, 5, 9, 1),
(1951, 1, 10, 4),
(1952, 3, 3, 3),
(1953, 4, 39, 5),
(1954, 1, 22, 4),
(1955, 3, 19, 4),
(1956, 2, 45, 3),
(1957, 1, 36, 3),
(1958, 5, 17, 1),
(1959, 5, 41, 5),
(1960, 4, 18, 4),
(1961, 3, 6, 1),
(1962, 4, 14, 3),
(1963, 4, 15, 4),
(1964, 1, 20, 1),
(1965, 2, 13, 1),
(1966, 5, 29, 3),
(1967, 3, 2, 2),
(1968, 1, 10, 4),
(1969, 3, 1, 3),
(1970, 3, 24, 4),
(1971, 5, 26, 1),
(1972, 5, 37, 2),
(1973, 2, 22, 5),
(1974, 1, 2, 3),
(1975, 3, 34, 1),
(1976, 4, 31, 4),
(1977, 5, 43, 5),
(1978, 2, 41, 5),
(1979, 5, 24, 3),
(1980, 2, 3, 1),
(1981, 4, 22, 3),
(1982, 3, 23, 5),
(1983, 2, 29, 1),
(1984, 5, 40, 2),
(1985, 5, 9, 1),
(1986, 5, 25, 3),
(1987, 2, 22, 4),
(1988, 2, 36, 3),
(1989, 3, 7, 3),
(1990, 2, 19, 2),
(1991, 5, 20, 3),
(1992, 1, 33, 1),
(1993, 4, 24, 1),
(1994, 4, 30, 3),
(1995, 5, 12, 4),
(1996, 2, 9, 3),
(1997, 4, 44, 2),
(1998, 4, 43, 1),
(1999, 2, 40, 3),
(2000, 1, 45, 3),
(2001, 5, 30, 3),
(2002, 5, 40, 2),
(2003, 4, 33, 5),
(2004, 2, 38, 3),
(2005, 4, 9, 3),
(2006, 5, 27, 1),
(2007, 2, 29, 2),
(2008, 3, 13, 5),
(2009, 4, 9, 4),
(2010, 5, 38, 2),
(2011, 5, 2, 2),
(2012, 1, 7, 5),
(2013, 2, 39, 3),
(2014, 3, 27, 2),
(2015, 3, 42, 2),
(2016, 3, 40, 3),
(2017, 3, 33, 5),
(2018, 3, 18, 1),
(2019, 3, 32, 4),
(2020, 4, 41, 2),
(2021, 5, 19, 4),
(2022, 1, 27, 4),
(2023, 4, 20, 4),
(2024, 2, 42, 2),
(2025, 4, 34, 1),
(2026, 4, 44, 2),
(2027, 3, 42, 3),
(2028, 1, 35, 1),
(2029, 4, 1, 3),
(2030, 4, 28, 3),
(2031, 1, 31, 2),
(2032, 1, 31, 3),
(2033, 1, 15, 4),
(2034, 1, 45, 4),
(2035, 1, 39, 5),
(2036, 5, 42, 4),
(2037, 2, 38, 3),
(2038, 3, 23, 5),
(2039, 5, 37, 3),
(2040, 4, 22, 3),
(2041, 2, 26, 2),
(2042, 1, 24, 4),
(2043, 4, 8, 5),
(2044, 1, 11, 5),
(2045, 1, 31, 1),
(2046, 1, 39, 2),
(2047, 1, 7, 2),
(2048, 1, 10, 1),
(2049, 4, 20, 4),
(2050, 4, 27, 4),
(2051, 5, 1, 3),
(2052, 3, 25, 3),
(2053, 5, 17, 3),
(2054, 2, 13, 1),
(2055, 2, 19, 5),
(2056, 1, 23, 1),
(2057, 2, 21, 4),
(2058, 5, 41, 5),
(2059, 5, 40, 2),
(2060, 3, 5, 4),
(2061, 2, 37, 3),
(2062, 4, 6, 4),
(2063, 4, 25, 4),
(2064, 5, 24, 4),
(2065, 4, 23, 5),
(2066, 3, 9, 2),
(2067, 5, 1, 5),
(2068, 1, 24, 2),
(2069, 5, 9, 3),
(2070, 5, 9, 2),
(2071, 1, 24, 2),
(2072, 2, 38, 3),
(2073, 5, 20, 5),
(2074, 4, 32, 5),
(2075, 4, 36, 3),
(2076, 5, 4, 4),
(2077, 3, 44, 3),
(2078, 5, 23, 3),
(2079, 4, 25, 2),
(2080, 4, 33, 1),
(2081, 5, 11, 4),
(2082, 2, 35, 4),
(2083, 4, 28, 5),
(2084, 2, 42, 3),
(2085, 4, 8, 2),
(2086, 2, 4, 4),
(2087, 3, 38, 3),
(2088, 2, 41, 1),
(2089, 4, 3, 5),
(2090, 4, 21, 3),
(2091, 3, 19, 5),
(2092, 3, 1, 5),
(2093, 5, 1, 3),
(2094, 2, 26, 1),
(2095, 5, 5, 2),
(2096, 4, 4, 2),
(2097, 2, 20, 1),
(2098, 5, 13, 4),
(2099, 3, 34, 2),
(2100, 4, 27, 3),
(2101, 5, 38, 4),
(2102, 5, 33, 2),
(2103, 2, 15, 4),
(2104, 5, 2, 1),
(2105, 2, 24, 4),
(2106, 5, 23, 5),
(2107, 1, 45, 5),
(2108, 5, 18, 5),
(2109, 3, 24, 3),
(2110, 2, 26, 5),
(2111, 4, 7, 1),
(2112, 3, 31, 5),
(2113, 3, 32, 1),
(2114, 4, 30, 5),
(2115, 3, 1, 1),
(2116, 5, 30, 5),
(2117, 5, 40, 4),
(2118, 4, 8, 4),
(2119, 1, 13, 4),
(2120, 5, 6, 1),
(2121, 3, 30, 3),
(2122, 3, 34, 3),
(2123, 3, 17, 3),
(2124, 1, 29, 4),
(2125, 1, 6, 1),
(2126, 5, 29, 5),
(2127, 4, 25, 4),
(2128, 1, 20, 3),
(2129, 2, 42, 4),
(2130, 4, 4, 3),
(2131, 3, 29, 3),
(2132, 5, 18, 1),
(2133, 2, 38, 1),
(2134, 1, 1, 3),
(2135, 5, 42, 2),
(2136, 1, 13, 3),
(2137, 4, 35, 3),
(2138, 4, 15, 3),
(2139, 1, 8, 4),
(2140, 1, 25, 1),
(2141, 1, 45, 4),
(2142, 3, 11, 4),
(2143, 5, 38, 1),
(2144, 1, 3, 3),
(2145, 3, 11, 1),
(2146, 2, 39, 2),
(2147, 5, 13, 3),
(2148, 2, 25, 1),
(2149, 3, 28, 4),
(2150, 3, 17, 1),
(2151, 1, 44, 5),
(2152, 4, 35, 1),
(2153, 5, 5, 1),
(2154, 4, 1, 2),
(2155, 2, 13, 5),
(2156, 3, 27, 5),
(2157, 1, 43, 4),
(2158, 5, 7, 3),
(2159, 2, 38, 3),
(2160, 1, 32, 1),
(2161, 2, 41, 2),
(2162, 3, 37, 5),
(2163, 3, 27, 4),
(2164, 2, 35, 3),
(2165, 2, 27, 5),
(2166, 2, 18, 5),
(2167, 3, 43, 5),
(2168, 5, 42, 4),
(2169, 4, 27, 4),
(2170, 1, 37, 1),
(2171, 5, 31, 4),
(2172, 2, 22, 2),
(2173, 5, 35, 1),
(2174, 2, 30, 2),
(2175, 2, 32, 2),
(2176, 1, 24, 2),
(2177, 3, 15, 1),
(2178, 1, 18, 5),
(2179, 5, 19, 3),
(2180, 2, 18, 4),
(2181, 2, 25, 1),
(2182, 1, 27, 5),
(2183, 3, 45, 2),
(2184, 5, 4, 4),
(2185, 5, 39, 4),
(2186, 2, 8, 3),
(2187, 4, 2, 4),
(2188, 3, 1, 1),
(2189, 3, 41, 2),
(2190, 5, 14, 2),
(2191, 4, 8, 1),
(2192, 3, 15, 1),
(2193, 4, 37, 3),
(2194, 3, 15, 1),
(2195, 5, 2, 1),
(2196, 3, 2, 4),
(2197, 5, 37, 4),
(2198, 3, 8, 5),
(2199, 3, 29, 1),
(2200, 1, 44, 1),
(2201, 1, 31, 5),
(2202, 3, 29, 1),
(2203, 2, 35, 4),
(2204, 1, 23, 4),
(2205, 2, 43, 3),
(2206, 5, 19, 4),
(2207, 2, 1, 2),
(2208, 1, 27, 3),
(2209, 4, 42, 4),
(2210, 2, 40, 1),
(2211, 3, 42, 5),
(2212, 3, 11, 4),
(2213, 1, 19, 2),
(2214, 3, 16, 4),
(2215, 1, 2, 4),
(2216, 5, 43, 2),
(2217, 2, 21, 4),
(2218, 5, 18, 3),
(2219, 3, 22, 4),
(2220, 1, 33, 5);

-- --------------------------------------------------------

--
-- Table structure for table `rooms`
--

CREATE TABLE `rooms` (
  `roomid` int(10) NOT NULL,
  `pgid` int(10) NOT NULL,
  `roomtype` varchar(20) NOT NULL,
  `sharingtype` varchar(20) NOT NULL,
  `room_count` int(25) NOT NULL,
  `available` int(25) NOT NULL,
  `price` int(6) NOT NULL
) ENGINE=InnoDB DEFAULT CHARSET=utf8mb4 COLLATE=utf8mb4_general_ci;

--
-- Dumping data for table `rooms`
--

INSERT INTO `rooms` (`roomid`, `pgid`, `roomtype`, `sharingtype`, `room_count`, `available`, `price`) VALUES
(1, 1, 'standard', 'single', 1, 1, 1000),
(2, 1, 'standard', 'double', 2, 1, 2000),
(3, 1, 'standard', 'triple', 3, 3, 3000),
(4, 1, 'standard', 'quad', 4, 4, 4000),
(5, 3, 'standard', 'single', 2, 2, 12000),
(6, 3, 'standard', 'double', 3, 3, 10000),
(7, 3, 'standard', 'triple', 4, 4, 15000),
(8, 3, 'standard', 'quad', 6, 5, 20000),
(9, 8, 'standard', 'single', 1, 0, 10000),
(10, 8, 'standard', 'double', 5, 0, 5000),
(11, 8, 'standard', 'triple', 3, 0, 3000),
(12, 8, 'standard', 'quad', 5, 0, 2500);

-- --------------------------------------------------------

--
-- Table structure for table `users`
--

CREATE TABLE `users` (
  `userid` int(20) NOT NULL,
  `username` varchar(30) NOT NULL,
  `password` varchar(20) NOT NULL,
  `email` varchar(30) NOT NULL,
  `phone` varchar(10) NOT NULL,
  `aadhaar` varchar(12) NOT NULL,
  `gender` varchar(10) NOT NULL
) ENGINE=InnoDB DEFAULT CHARSET=utf8mb4 COLLATE=utf8mb4_general_ci;

--
-- Dumping data for table `users`
--

INSERT INTO `users` (`userid`, `username`, `password`, `email`, `phone`, `aadhaar`, `gender`) VALUES
(1, 'Dixon', 'hi', 'dixon@gmail.com', '9998887776', '123456789012', 'Male'),
(2, 'JG', '1234', 'jg@gmail.com', '9998887776', '123456789', 'Male'),
(3, 'Dinesh', '98765', 'dinesh@gmail.com', '123456789', '123456789', 'Male'),
(6, 'sdfgsfdf', '12345', 'as@gmail.com', '13123123', '21313123', 'Male'),
(7, 'asdasd', '123', 'as@gmail.com', '234234234', '4235435345', 'Male'),
(8, 'dfgdg', '123', 'as@gmail.com', '456567567', '65756745', 'Male'),
(9, 'Sanjay', 'sanjay123', 'sanjay@gmail.com', '9997775554', '214324234324', 'Male');

--
-- Indexes for dumped tables
--

--
-- Indexes for table `agents`
--
ALTER TABLE `agents`
  ADD PRIMARY KEY (`agentid`);

--
-- Indexes for table `bookings`
--
ALTER TABLE `bookings`
  ADD PRIMARY KEY (`bookingid`);

--
-- Indexes for table `pgs`
--
ALTER TABLE `pgs`
  ADD PRIMARY KEY (`pgid`);

--
-- Indexes for table `queries`
--
ALTER TABLE `queries`
  ADD PRIMARY KEY (`qrid`);

--
-- Indexes for table `ratings`
--
ALTER TABLE `ratings`
  ADD PRIMARY KEY (`rating_id`);

--
-- Indexes for table `rooms`
--
ALTER TABLE `rooms`
  ADD PRIMARY KEY (`roomid`);

--
-- Indexes for table `users`
--
ALTER TABLE `users`
  ADD PRIMARY KEY (`userid`);

--
-- AUTO_INCREMENT for dumped tables
--

--
-- AUTO_INCREMENT for table `agents`
--
ALTER TABLE `agents`
  MODIFY `agentid` int(10) NOT NULL AUTO_INCREMENT, AUTO_INCREMENT=8;

--
-- AUTO_INCREMENT for table `bookings`
--
ALTER TABLE `bookings`
  MODIFY `bookingid` int(10) NOT NULL AUTO_INCREMENT, AUTO_INCREMENT=8;

--
-- AUTO_INCREMENT for table `pgs`
--
ALTER TABLE `pgs`
  MODIFY `pgid` int(10) NOT NULL AUTO_INCREMENT, AUTO_INCREMENT=101;

--
-- AUTO_INCREMENT for table `queries`
--
ALTER TABLE `queries`
  MODIFY `qrid` int(25) NOT NULL AUTO_INCREMENT, AUTO_INCREMENT=5;

--
-- AUTO_INCREMENT for table `ratings`
--
ALTER TABLE `ratings`
  MODIFY `rating_id` int(11) NOT NULL AUTO_INCREMENT, AUTO_INCREMENT=2221;

--
-- AUTO_INCREMENT for table `rooms`
--
ALTER TABLE `rooms`
  MODIFY `roomid` int(10) NOT NULL AUTO_INCREMENT, AUTO_INCREMENT=13;

--
-- AUTO_INCREMENT for table `users`
--
ALTER TABLE `users`
  MODIFY `userid` int(20) NOT NULL AUTO_INCREMENT, AUTO_INCREMENT=10;
COMMIT;

/*!40101 SET CHARACTER_SET_CLIENT=@OLD_CHARACTER_SET_CLIENT */;
/*!40101 SET CHARACTER_SET_RESULTS=@OLD_CHARACTER_SET_RESULTS */;
/*!40101 SET COLLATION_CONNECTION=@OLD_COLLATION_CONNECTION */;
