,userId,pgId,rating
0,5,1,4
1,2,2,5
2,8,3,4
3,3,4,5
4,7,5,3
5,6,6,3
6,6,7,4
7,2,8,5
8,1,9,3
9,4,10,5
10,5,11,5
11,2,12,5
12,5,13,5
13,3,14,5
14,3,15,4
15,1,16,3
16,10,17,3
17,9,18,3
18,8,19,5
19,6,20,5
20,2,21,5
21,7,22,5
22,3,23,5
23,8,24,3
24,2,25,5
25,4,26,4
26,4,27,3
27,1,28,5
28,9,29,4
29,1,30,4
30,1,31,5
31,9,32,4
32,1,33,4
33,9,34,4
34,2,35,4
35,4,36,3
36,7,37,3
37,1,38,4
38,3,39,5
39,6,40,5
40,10,41,5
41,6,42,4
42,3,43,3
43,8,44,5
44,8,45,3
45,7,9,5
46,7,27,3
47,2,32,4
48,7,42,3
49,7,17,5
50,6,19,5
51,7,43,4
52,8,8,3
53,6,27,5
54,2,20,4
55,1,22,5
56,5,26,5
57,4,39,5
58,3,2,5
59,3,40,5
60,3,21,4
61,6,23,4
62,10,39,5
63,4,11,3
64,8,37,5
65,3,33,5
66,2,9,4
67,2,36,4
68,1,22,4
69,8,41,3
70,1,13,3
71,9,22,5
72,10,5,5
73,9,7,5
74,4,19,4
75,9,22,4
76,9,4,3
77,9,33,5
78,3,11,5
79,5,39,5
80,9,11,3
81,2,34,3
82,2,18,3
83,6,33,4
84,8,32,3
85,7,45,4
86,7,3,5
87,8,22,3
88,4,42,3
89,5,38,5
90,8,6,4
91,6,43,4
92,4,8,3
93,4,33,5
94,2,36,5
95,9,29,4
96,2,22,5
97,6,22,4
98,7,19,4
99,5,9,5
100,8,43,3
101,4,35,3
102,6,37,3
103,8,40,5
104,10,27,5
105,2,12,5
106,8,43,5
107,3,42,5
108,7,34,3
109,7,12,3
110,10,34,5
111,5,10,4
112,3,19,4
113,3,45,3
114,5,34,5
115,3,13,3
116,5,37,3
117,7,30,3
118,9,34,5
119,7,12,4
120,6,2,3
121,4,6,4
122,4,37,3
123,10,22,5
124,8,15,3
125,4,41,4
126,3,21,5
127,10,35,5
128,4,16,3
129,4,42,4
130,4,14,4
131,4,37,5
132,7,25,5
133,2,11,3
134,8,9,5
135,4,2,5
136,6,20,3
137,5,34,5
138,5,34,5
139,2,13,3
140,9,2,4
141,6,15,4
142,5,18,4
143,5,6,4
144,1,31,4
145,9,39,3
146,4,20,3
147,2,42,3
148,4,14,4
149,7,2,4
150,6,7,5
151,9,18,5
152,7,35,4
153,4,19,4
154,3,39,5
155,5,25,5
156,9,37,3
157,1,23,5
158,1,38,4
159,9,44,3
160,7,18,3
161,1,15,5
162,4,37,3
163,3,13,3
164,2,3,3
165,10,33,3
166,6,14,4
167,3,14,3
168,7,43,5
169,7,36,5
170,1,27,5
171,8,30,4
172,7,3,3
173,9,30,4
174,8,15,4
175,1,24,5
176,2,16,3
177,1,1,4
178,4,8,4
179,4,9,4
180,7,12,3
181,7,45,4
182,4,42,4
183,9,26,4
184,5,36,4
185,8,39,3
186,1,35,3
187,5,34,3
188,1,24,5
189,7,3,3
190,6,30,3
191,2,5,4
192,4,10,5
193,8,20,5
194,10,31,5
195,5,19,5
196,5,5,4
197,7,40,5
198,5,7,3
199,9,26,3
200,4,39,4
201,7,21,5
202,6,24,4
203,2,35,3
204,8,27,3
205,8,6,5
206,7,32,5
207,4,5,3
208,7,10,4
209,7,33,4
210,4,13,4
211,2,17,5
212,6,27,5
213,6,10,5
214,9,34,5
215,5,23,4
216,6,2,3
217,8,43,5
218,6,35,5
219,6,39,3
220,5,17,3
221,7,45,4
222,7,35,5
223,4,6,3
224,1,42,3
225,6,25,5
226,7,6,5
227,6,13,3
228,7,23,5
229,2,44,4
230,4,7,4
231,7,11,4
232,2,37,3
233,5,3,4
234,7,28,5
235,10,21,5
236,8,22,4
237,2,41,4
238,10,43,4
239,1,40,5
240,1,34,4
241,6,23,4
242,5,43,5
243,9,39,3
244,8,20,5
245,3,22,3
246,8,39,5
247,2,28,5
248,2,7,5
249,3,20,5
250,8,11,3
251,1,9,5
252,1,22,3
253,2,38,4
254,4,36,4
255,3,19,4
256,1,19,4
257,5,6,5
258,7,35,5
259,6,27,3
260,5,21,3
261,5,9,3
262,3,8,4
263,2,32,4
264,5,12,3
265,1,7,5
266,1,17,3
267,1,34,4
268,8,3,5
269,4,41,3
270,4,37,3
271,4,25,4
272,10,38,4
273,5,16,4
274,7,24,3
275,4,2,5
276,4,21,3
277,8,3,5
278,3,28,3
279,3,33,4
280,5,2,4
281,9,17,3
282,5,18,5
283,4,17,4
284,4,8,5
285,3,34,5
286,2,9,5
287,6,14,4
288,2,38,5
289,7,23,3
290,7,21,4
291,9,13,3
292,10,29,3
293,9,43,5
294,6,29,4
295,6,31,3
296,2,2,3
297,4,41,5
298,2,4,4
299,3,29,3
300,1,16,4
301,8,42,4
302,2,25,4
303,9,44,5
304,2,40,3
305,2,44,4
306,8,20,3
307,4,30,5
308,9,13,5
309,2,14,5
310,8,39,5
311,6,6,5
312,10,18,5
313,9,34,3
314,8,27,4
315,8,39,3
316,7,19,4
317,6,4,5
318,7,22,4
319,3,40,4
320,5,8,4
321,6,33,3
322,3,18,4
323,7,19,5
324,3,33,5
325,7,35,3
326,5,19,4
327,3,29,4
328,9,36,4
329,5,19,4
330,7,13,4
331,8,7,4
332,3,9,3
333,5,4,5
334,4,1,3
335,2,19,4
336,10,39,5
337,7,3,4
338,10,31,3
339,1,41,4
340,2,37,3
341,9,13,4
342,10,27,4
343,2,32,3
344,3,22,4
345,5,20,3
346,10,4,4
347,7,12,3
348,9,44,4
349,9,15,4
350,9,1,5
351,10,15,4
352,5,39,3
353,2,36,4
354,6,30,5
355,5,18,4
356,3,8,3
357,4,23,3
358,8,26,5
359,2,5,5
360,10,19,5
361,4,4,4
362,7,34,4
363,7,26,4
364,9,43,5
365,10,5,5
366,8,37,3
367,9,18,3
368,8,4,3
369,4,20,4
370,10,18,3
371,10,22,3
372,1,18,3
373,9,28,4
374,5,43,5
375,4,36,3
376,9,19,4
377,6,39,3
378,5,41,5
379,1,22,4
380,1,13,4
381,7,17,5
382,1,9,3
383,3,9,4
384,6,21,5
385,1,19,5
386,10,33,3
387,8,35,3
388,8,9,5
389,4,39,5
390,5,45,4
391,6,42,4
392,10,33,4
393,10,18,5
394,7,18,5
395,8,38,5
396,8,30,5
397,4,10,4
398,1,2,5
399,2,31,3
400,3,12,3
401,5,25,3
402,4,25,5
403,9,15,3
404,2,4,3
405,9,37,4
406,7,5,4
407,3,14,5
408,4,9,4
409,10,29,4
410,9,19,4
411,1,5,5
412,6,28,4
413,7,4,3
414,9,6,5
415,6,34,3
416,5,42,5
417,1,38,4
418,2,14,5
419,10,2,3
420,4,5,5
421,7,19,5
422,1,16,3
423,1,36,4
424,8,4,4
425,5,5,4
426,6,3,5
427,5,45,4
428,10,24,4
429,6,1,3
430,6,19,5
431,4,12,5
432,9,5,3
433,2,34,4
434,9,2,4
435,1,42,4
436,3,45,3
437,2,11,4
438,5,42,4
439,1,39,5
440,4,25,5
441,9,10,5
442,7,20,4
443,9,21,3
444,1,30,4
445,10,6,3
446,5,15,3
447,3,2,4
448,9,17,5
449,5,18,4
450,9,42,5
451,8,2,4
452,10,23,5
453,8,7,3
454,6,16,5
455,6,41,3
456,4,42,3
457,9,5,3
458,4,11,5
459,8,34,3
460,7,32,3
461,5,29,5
462,8,45,4
463,3,10,4
464,1,36,3
465,2,6,3
466,7,25,5
467,7,2,5
468,8,38,4
469,3,26,3
470,2,26,3
471,9,38,4
472,10,43,3
473,10,10,5
474,9,5,4
475,8,11,5
476,10,10,5
477,3,10,4
478,3,30,5
479,4,15,3
480,4,16,3
481,7,9,4
482,1,12,3
483,1,16,3
484,7,12,3
485,9,43,3
486,3,34,3
487,9,12,5
488,1,22,5
489,5,7,3
490,5,44,5
491,6,19,5
492,7,15,3
493,8,28,5
494,6,6,5
495,6,14,3
496,7,27,4
497,3,42,5
498,6,33,3
499,1,16,4
500,2,38,5
501,8,43,4
502,5,10,5
503,7,15,3
504,6,19,4
505,4,18,5
506,10,28,3
507,2,17,4
508,3,12,4
509,5,2,3
510,7,3,3
511,2,44,4
512,6,24,4
513,8,7,3
514,1,35,4
515,2,39,3
516,10,31,3
517,10,3,3
518,7,1,5
519,3,9,5
520,10,29,4
521,8,44,5
522,4,28,3
523,5,23,5
524,2,7,5
525,10,42,5
526,5,12,5
527,7,20,5
528,6,18,3
529,1,20,3
530,1,8,4
531,4,44,4
532,6,13,4
533,3,17,3
534,6,30,5
535,5,6,3
536,2,12,5
537,1,37,3
538,1,8,5
539,1,19,4
540,7,44,3
541,3,18,4
542,8,41,4
543,2,40,3
544,5,3,3
545,6,38,3
546,3,24,4
547,6,28,3
548,7,8,5
549,5,21,5
550,4,20,5
551,8,29,3
552,1,2,4
553,5,5,3
554,1,24,5
555,8,16,5
556,1,8,5
557,4,22,4
558,4,3,4
559,3,11,5
560,6,22,4
561,4,18,5
562,8,35,5
563,7,25,4
564,2,34,3
565,6,37,3
566,4,34,5
567,8,10,4
568,10,32,3
569,6,19,4
570,1,5,3
571,10,18,4
572,10,35,3
573,4,20,4
574,9,21,3
575,1,2,5
576,1,17,4
577,1,42,4
578,6,45,4
579,1,6,3
580,4,19,3
581,7,44,4
582,5,14,5
583,8,39,3
584,3,17,3
585,1,30,3
586,4,23,5
587,8,35,5
588,7,3,3
589,4,34,5
590,8,10,4
591,8,28,3
592,7,26,5
593,7,6,3
594,3,30,5
595,7,32,3
596,7,20,5
597,2,14,3
598,5,19,4
599,3,32,3
600,10,42,5
601,1,41,3
602,9,36,5
603,5,37,4
604,7,25,4
605,1,8,3
606,7,32,3
607,1,31,3
608,1,44,5
609,4,25,5
610,10,26,5
611,5,40,4
612,1,11,4
613,5,1,3
614,7,28,3
615,1,20,5
616,9,2,3
617,2,7,4
618,3,11,3
619,3,36,3
620,3,40,5
621,8,39,5
622,4,37,4
623,6,40,4
624,2,38,4
625,9,7,5
626,10,36,5
627,4,40,4
628,3,27,5
629,9,14,5
630,5,37,4
631,7,27,3
632,5,32,3
633,10,43,3
634,5,10,4
635,3,23,4
636,6,3,5
637,10,39,5
638,1,3,5
639,10,29,5
640,1,26,5
641,8,4,3
642,5,15,3
643,5,3,3
644,8,11,4
645,7,23,3
646,9,30,4
647,2,27,4
648,6,45,3
649,3,23,4
650,8,5,4
651,3,21,5
652,5,25,5
653,7,25,5
654,7,5,5
655,6,16,3
656,3,37,3
657,5,20,5
658,10,4,5
659,7,22,5
660,2,7,4
661,5,37,3
662,10,16,4
663,10,19,4
664,6,14,4
665,8,30,4
666,9,10,5
667,10,11,3
668,1,43,3
669,3,33,3
670,5,31,3
671,8,44,3
672,8,28,5
673,9,17,4
674,5,3,4
675,2,1,5
676,6,34,5
677,9,40,4
678,9,18,3
679,5,4,4
680,1,34,4
681,3,33,4
682,10,6,4
683,9,2,4
684,3,42,3
685,8,36,3
686,4,38,5
687,4,27,3
688,1,22,4
689,9,23,4
690,4,4,4
691,10,43,5
692,5,41,4
693,6,2,3
694,8,3,3
695,10,14,3
696,8,9,3
697,7,42,5
698,9,39,3
699,3,12,3
700,7,32,4
701,5,44,4
702,6,40,3
703,5,38,3
704,1,21,4
705,8,1,3
706,1,20,4
707,5,27,5
708,10,2,5
709,7,43,4
710,7,26,3
711,2,23,3
712,5,12,5
713,4,44,4
714,9,42,4
715,6,31,4
716,9,25,4
717,4,36,4
718,10,30,4
719,8,45,3
720,7,1,5
721,10,40,4
722,3,39,5
723,10,1,5
724,5,22,4
725,9,7,3
726,7,15,4
727,1,7,5
728,6,22,4
729,5,16,5
730,5,18,4
731,5,45,3
732,1,44,5
733,5,5,3
734,5,27,4
735,6,1,5
736,10,45,3
737,10,14,3
738,10,8,3
739,4,23,5
740,9,11,3
741,7,41,5
742,3,22,4
743,7,27,4
744,7,2,4
745,8,4,3
746,1,4,5
747,1,5,4
748,7,7,3
749,2,28,4
750,2,15,3
751,5,9,5
752,4,11,5
753,4,4,4
754,5,19,5
755,3,12,4
756,4,15,4
757,2,4,4
758,6,23,4
759,3,8,5
760,1,2,5
761,10,13,3
762,7,3,5
763,2,11,4
764,9,13,3
765,4,9,5
766,4,22,4
767,10,36,5
768,8,28,4
769,10,35,5
770,5,19,4
771,6,29,3
772,5,4,3
773,3,21,3
774,5,5,3
775,2,34,4
776,3,19,4
777,8,20,3
778,6,19,3
779,1,33,3
780,2,40,5
781,6,26,4
782,10,2,3
783,6,19,5
784,7,21,4
785,3,43,3
786,2,2,5
787,6,9,3
788,4,28,5
789,9,9,5
790,7,42,3
791,4,23,5
792,4,44,5
793,8,9,4
794,8,43,4
795,4,7,3
796,8,25,3
797,4,13,5
798,2,30,4
799,5,29,4
800,6,43,5
801,10,42,3
802,9,9,5
803,3,8,3
804,8,27,3
805,8,15,4
806,8,29,5
807,3,13,3
808,2,16,5
809,1,40,3
810,9,40,4
811,1,39,5
812,5,45,4
813,2,18,3
814,2,12,3
815,9,13,5
816,8,42,5
817,9,26,4
818,7,5,4
819,7,31,3
820,4,36,4
821,4,18,5
822,5,29,3
823,4,32,4
824,5,10,4
825,4,24,3
826,10,23,4
827,3,22,4
828,3,22,5
829,4,30,4
830,5,28,5
831,1,7,5
832,7,32,3
833,7,12,3
834,9,27,4
835,9,25,5
836,1,5,3
837,9,29,4
838,5,6,4
839,4,41,4
840,10,15,5
841,2,5,4
842,1,10,3
843,7,43,5
844,9,23,4
845,3,3,5
846,6,43,4
847,6,38,4
848,1,17,5
849,3,35,4
850,10,43,4
851,10,11,4
852,5,31,5
853,5,23,4
854,3,22,3
855,4,38,3
856,6,3,3
857,10,45,3
858,3,14,4
859,1,15,3
860,10,4,4
861,7,29,3
862,6,22,4
863,10,37,4
864,5,20,5
865,9,45,3
866,3,38,4
867,10,32,4
868,6,21,4
869,3,24,3
870,5,33,3
871,1,34,5
872,10,40,3
873,10,20,4
874,9,36,4
875,8,37,5
876,9,14,3
877,9,9,4
878,1,36,4
879,5,10,4
880,6,17,4
881,1,41,3
882,2,22,5
883,10,7,5
884,4,9,4
885,5,34,4
886,10,5,4
887,5,40,3
888,3,23,3
889,6,4,3
890,6,34,4
891,1,27,4
892,1,45,4
893,7,14,3
894,6,4,3
895,4,13,5
896,9,21,3
897,4,8,4
898,9,19,3
899,4,13,4
900,5,37,5
901,5,10,5
902,2,33,4
903,6,44,3
904,9,14,3
905,5,9,5
906,5,19,3
907,8,24,5
908,9,17,5
909,1,15,4
910,10,39,4
911,3,38,3
912,5,41,3
913,5,26,4
914,6,5,3
915,10,33,5
916,7,21,3
917,5,33,3
918,9,12,4
919,6,36,5
920,10,31,3
921,5,39,5
922,4,41,4
923,5,14,4
924,10,8,5
925,2,1,5
926,10,14,3
927,3,45,4
928,9,40,3
929,8,33,4
930,2,29,4
931,3,38,3
932,4,39,5
933,8,4,3
934,6,26,4
935,10,31,4
936,7,13,3
937,1,25,3
938,1,32,4
939,10,45,4
940,6,14,4
941,9,41,4
942,2,4,4
943,10,30,5
944,3,3,3
945,10,5,3
946,9,13,5
947,2,25,5
948,6,31,3
949,6,28,4
950,3,34,5
951,9,42,5
952,6,22,4
953,4,28,3
954,1,32,4
955,10,33,5
956,5,25,4
957,3,28,5
958,5,37,4
959,5,8,3
960,4,39,5
961,4,6,5
962,4,9,3
963,1,27,4
964,2,15,3
965,6,33,4
966,10,24,3
967,8,16,5
968,1,17,5
969,6,33,5
970,2,12,4
971,1,10,4
972,9,3,3
973,9,41,5
974,10,36,3
975,5,39,5
976,1,20,3
977,6,42,4
978,7,21,3
979,9,40,3
980,6,28,4
981,2,30,3
982,9,44,4
983,5,37,3
984,8,7,4
985,5,14,3
986,10,3,4
987,4,31,3
988,5,14,5
989,3,6,5
990,5,11,5
991,7,13,5
992,10,4,5
993,4,45,4
994,1,44,4
995,10,31,3
996,9,18,5
997,8,30,3
998,1,14,4
999,8,23,4
1000,7,15,4
1001,4,39,4
1002,10,25,5
1003,9,10,3
1004,7,4,4
1005,5,30,3
1006,6,38,5
1007,7,6,5
1008,4,16,4
1009,4,6,5
1010,7,19,4
1011,9,11,3
1012,3,37,4
1013,2,1,4
1014,9,25,5
1015,5,16,5
1016,10,14,5
1017,9,31,5
1018,10,11,3
1019,1,8,4
1020,8,14,4
1021,10,35,4
1022,10,17,5
1023,3,19,4
1024,5,9,4
1025,7,36,3
1026,9,37,4
1027,2,19,3
1028,3,23,5
1029,3,37,4
1030,2,31,4
1031,8,40,5
1032,8,3,4
1033,7,11,4
1034,10,27,5
1035,2,13,4
1036,7,2,3
1037,10,12,5
1038,3,32,5
1039,5,33,4
1040,7,13,3
1041,9,39,5
1042,8,25,5
1043,4,11,4
1044,8,39,3
1045,1,4,5
1046,1,13,3
1047,10,29,4
1048,9,25,5
1049,4,36,3
1050,8,24,4
1051,6,9,3
1052,3,17,5
1053,2,23,3
1054,9,12,3
1055,9,21,5
1056,3,8,5
1057,2,24,3
1058,1,3,3
1059,2,27,4
1060,3,21,3
1061,2,16,4
1062,9,34,5
1063,10,45,4
1064,10,41,5
1065,5,10,4
1066,6,33,3
1067,6,39,3
1068,4,21,4
1069,9,4,3
1070,7,11,5
1071,7,29,3
1072,7,1,4
1073,10,43,4
1074,3,9,4
1075,6,44,3
1076,1,31,5
1077,1,11,5
1078,8,5,5
1079,1,14,4
1080,10,35,3
1081,10,27,3
1082,2,1,4
1083,4,28,4
1084,10,27,3
1085,3,34,3
1086,4,22,3
1087,2,34,5
1088,9,6,5
1089,5,35,5
1090,8,24,4
1091,5,2,4
1092,4,42,5
1093,6,5,5
1094,1,9,5
1095,2,28,4
1096,9,21,5
1097,5,31,5
1098,10,31,3
1099,6,7,5
1100,10,19,5
1101,6,33,4
1102,5,7,5
1103,5,44,4
1104,8,10,5
1105,5,26,3
1106,9,25,3
1107,4,29,5
1108,8,30,3
1109,8,45,5
1110,1,14,3
1111,8,17,5
1112,5,10,4
1113,3,44,4
1114,6,41,5
1115,10,44,3
1116,4,15,3
1117,4,10,3
1118,3,33,4
1119,8,25,5
1120,9,44,3
1121,1,31,5
1122,4,22,5
1123,7,34,3
1124,4,10,5
1125,2,20,3
1126,5,41,3
1127,5,34,5
1128,10,4,3
1129,1,7,3
1130,6,22,5
1131,3,2,5
1132,1,13,5
1133,3,44,4
1134,3,5,3
1135,8,27,4
1136,7,26,4
1137,1,43,3
1138,6,21,5
1139,5,2,4
1140,3,1,4
1141,8,22,3
1142,8,36,5
1143,10,7,5
1144,9,15,5
1145,9,15,3
1146,3,40,5
1147,4,43,4
1148,6,5,4
1149,9,28,3
1150,8,42,3
1151,4,7,5
1152,10,18,5
1153,3,19,5
1154,9,9,3
1155,9,10,4
1156,3,39,3
1157,8,20,4
1158,4,4,4
1159,8,43,5
1160,9,4,4
1161,10,42,4
1162,10,36,3
1163,4,12,3
1164,10,21,4
1165,9,31,5
1166,1,18,5
1167,8,41,5
1168,1,6,5
1169,2,40,4
1170,7,35,3
1171,4,34,5
1172,7,33,4
1173,4,20,4
1174,9,32,3
1175,7,5,4
1176,1,42,3
1177,10,1,3
1178,5,45,4
1179,9,43,5
1180,8,22,3
1181,8,25,5
1182,6,9,4
1183,4,40,4
1184,6,9,4
1185,4,37,5
1186,5,17,4
1187,5,13,3
1188,3,35,5
1189,3,1,5
1190,3,2,4
1191,2,17,5
1192,4,39,4
1193,10,18,3
1194,1,3,5
1195,10,26,5
1196,5,28,3
1197,5,19,3
1198,1,31,3
1199,9,28,3
1200,10,24,3
1201,5,10,4
1202,10,5,3
1203,10,13,5
1204,2,1,3
1205,1,33,5
1206,7,36,3
1207,3,1,5
1208,1,41,4
1209,10,17,3
1210,3,34,3
1211,5,12,3
1212,6,25,5
1213,4,14,4
1214,4,27,4
1215,5,25,3
1216,7,24,3
1217,6,12,5
1218,7,6,3
1219,2,26,3
1220,2,2,5
1221,6,21,4
1222,3,32,4
1223,4,9,3
1224,7,23,5
1225,4,8,4
1226,6,17,4
1227,4,2,3
1228,10,18,5
1229,1,29,3
1230,5,22,4
1231,1,3,4
1232,5,35,5
1233,1,21,3
1234,3,5,5
1235,5,11,5
1236,8,3,3
1237,2,16,3
1238,5,19,4
1239,7,5,4
1240,1,28,3
1241,4,18,4
1242,8,29,3
1243,10,35,4
1244,7,13,5
1245,5,20,3
1246,2,42,4
1247,7,9,3
1248,4,30,4
1249,2,26,5
1250,1,31,4
1251,10,42,5
1252,4,16,4
1253,1,39,5
1254,10,17,5
1255,3,20,4
1256,3,35,4
1257,6,29,3
1258,9,11,3
1259,6,23,4
1260,9,1,5
1261,4,38,5
1262,1,9,4
1263,1,36,5
1264,2,45,3
1265,2,12,3
1266,8,2,3
1267,3,2,5
1268,5,5,4
1269,1,45,5
1270,6,42,3
1271,1,37,3
1272,9,16,5
1273,6,28,4
1274,5,24,3
1275,5,15,3
1276,6,36,5
1277,2,7,3
1278,10,14,3
1279,6,4,5
1280,6,24,3
1281,4,30,4
1282,5,30,3
1283,10,4,5
1284,6,1,5
1285,2,42,3
1286,10,12,5
1287,6,11,4
1288,5,21,5
1289,5,38,4
1290,7,26,3
1291,4,29,4
1292,6,11,4
1293,7,44,3
1294,7,30,4
1295,7,14,4
1296,3,18,5
1297,4,9,4
1298,8,42,3
1299,6,5,3
1300,3,27,3
1301,4,33,5
1302,8,27,4
1303,1,20,3
1304,4,41,4
1305,3,8,5
1306,8,25,4
1307,5,1,3
1308,7,5,4
1309,3,3,4
1310,2,45,5
1311,8,31,5
1312,10,29,5
1313,3,3,3
1314,8,8,5
1315,1,20,5
1316,3,27,4
1317,1,29,5
1318,3,28,4
1319,3,22,5
1320,4,14,4
1321,2,38,3
1322,3,27,3
1323,8,19,4
1324,1,29,4
1325,10,28,5
1326,5,34,5
1327,9,10,5
1328,6,3,5
1329,5,25,3
1330,3,7,3
1331,2,36,3
1332,4,16,4
1333,4,16,4
1334,7,10,4
1335,10,6,4
1336,4,4,5
1337,8,24,3
1338,9,40,5
1339,9,43,4
1340,6,45,3
1341,3,10,3
1342,4,4,4
1343,6,7,5
1344,5,14,5
1345,1,15,4
1346,4,16,5
1347,3,39,4
1348,4,38,4
1349,9,13,3
1350,7,19,3
1351,4,6,3
1352,6,40,5
1353,2,39,3
1354,4,27,4
1355,6,14,5
1356,10,26,3
1357,9,37,3
1358,4,41,3
1359,9,45,5
1360,2,28,3
1361,1,39,4
1362,4,19,3
1363,4,40,5
1364,9,36,4
1365,3,35,4
1366,5,18,5
1367,3,5,4
1368,6,24,4
1369,4,19,4
1370,5,17,4
1371,8,13,3
1372,1,27,4
1373,10,37,3
1374,9,14,4
1375,7,28,3
1376,7,13,4
1377,3,43,5
1378,2,35,5
1379,7,22,3
1380,7,26,3
1381,3,36,5
1382,4,6,5
1383,1,18,4
1384,4,22,4
1385,9,44,3
1386,6,32,4
1387,5,33,5
1388,6,33,3
1389,6,32,5
1390,5,33,4
1391,7,13,5
1392,2,2,5
1393,9,29,5
1394,6,1,4
1395,2,31,4
1396,6,42,5
1397,9,21,3
1398,5,35,3
1399,10,12,5
1400,6,20,5
1401,9,16,5
1402,10,17,3
1403,1,33,4
1404,4,8,4
1405,9,44,4
1406,10,15,5
1407,2,41,3
1408,1,2,4
1409,8,13,3
1410,6,2,5
1411,10,7,4
1412,7,42,3
1413,6,1,5
1414,6,24,5
1415,7,24,5
1416,5,26,4
1417,5,2,3
1418,4,38,3
1419,7,7,5
1420,8,26,3
1421,1,14,3
1422,3,27,5
1423,4,28,5
1424,7,27,3
1425,9,27,4
1426,7,16,3
1427,8,33,5
1428,2,15,3
1429,2,43,4
1430,5,43,3
1431,8,4,3
1432,4,27,4
1433,9,12,3
1434,2,37,3
1435,3,19,3
1436,2,6,4
1437,3,1,3
1438,5,44,3
1439,1,5,3
1440,10,5,5
1441,6,22,5
1442,4,31,3
1443,6,1,3
1444,1,12,4
1445,9,26,5
1446,2,38,4
1447,1,2,4
1448,4,26,5
1449,4,45,4
1450,7,6,4
1451,2,36,3
1452,9,1,3
1453,3,35,3
1454,7,32,5
1455,8,16,4
1456,7,34,4
1457,4,32,3
1458,1,33,4
1459,2,17,4
1460,8,1,5
1461,8,34,5
1462,5,24,3
1463,8,36,4
1464,7,23,4
1465,3,35,4
1466,10,24,4
1467,10,29,5
1468,8,18,5
1469,1,20,4
1470,7,41,3
1471,6,27,5
1472,8,40,3
1473,5,9,5
1474,9,44,3
1475,8,17,3
1476,4,30,3
1477,9,23,4
1478,2,9,5
1479,6,42,3
1480,3,31,5
1481,3,40,3
1482,6,43,4
1483,7,30,3
1484,6,41,4
1485,4,44,3
1486,1,6,3
1487,5,14,4
1488,8,3,5
1489,6,20,4
1490,9,21,5
1491,3,9,5
1492,4,15,5
1493,4,31,5
1494,6,31,5
1495,8,22,4
1496,7,2,5
1497,6,3,4
1498,2,32,3
1499,9,12,3
1500,5,30,4
1501,6,16,4
1502,1,44,5
1503,3,24,4
1504,2,41,4
1505,9,14,3
1506,1,29,4
1507,3,7,3
1508,8,43,4
1509,7,25,3
1510,5,11,4
1511,8,32,5
1512,7,4,3
1513,4,18,3
1514,4,13,5
1515,3,6,5
1516,10,12,5
1517,6,42,4
1518,1,4,3
1519,2,31,5
1520,6,2,5
1521,3,26,3
1522,8,5,3
1523,2,6,4
1524,9,8,4
1525,2,19,4
1526,3,3,4
1527,4,2,4
1528,7,27,5
1529,10,4,4
1530,8,12,3
1531,7,11,5
1532,5,3,5
1533,2,3,4
1534,2,44,4
1535,8,23,3
1536,6,32,5
1537,6,30,3
1538,9,2,3
1539,5,1,5
1540,7,27,5
1541,8,16,3
1542,1,26,3
1543,9,12,5
1544,5,20,4
1545,9,28,3
1546,4,8,4
1547,8,24,4
1548,8,21,3
1549,8,17,3
1550,1,7,5
1551,9,1,4
1552,9,15,4
1553,5,36,3
1554,8,6,3
1555,1,18,4
1556,2,6,4
1557,7,39,5
1558,8,19,4
1559,1,10,4
1560,6,26,3
1561,6,9,4
1562,2,44,5
1563,4,22,3
1564,7,33,3
1565,6,38,4
1566,6,17,4
1567,5,34,3
1568,9,19,3
1569,8,32,4
1570,9,1,4
1571,6,22,3
1572,4,32,5
1573,10,3,3
1574,3,18,4
1575,2,17,5
1576,2,16,4
1577,4,5,5
1578,7,31,3
1579,5,35,5
1580,7,10,5
1581,3,36,5
1582,5,26,4
1583,8,15,5
1584,1,40,5
1585,2,27,3
1586,6,35,4
1587,1,10,5
1588,8,38,3
1589,4,44,5
1590,9,14,5
1591,7,9,4
1592,4,14,5
1593,7,37,3
1594,9,40,4
1595,6,44,5
1596,8,15,4
1597,5,15,5
1598,7,25,4
1599,5,10,3
1600,5,23,3
1601,8,11,4
1602,10,21,5
1603,10,1,5
1604,8,17,5
1605,4,36,5
1606,2,21,4
1607,4,9,3
1608,3,10,5
1609,9,5,3
1610,2,25,3
1611,2,41,5
1612,10,10,5
1613,10,34,5
1614,10,1,5
1615,6,13,4
1616,8,23,3
1617,4,41,5
1618,1,28,4
1619,2,42,5
1620,1,11,4
1621,8,32,5
1622,2,30,4
1623,7,41,5
1624,3,42,5
1625,10,32,3
1626,3,35,5
1627,8,40,5
1628,1,41,3
1629,6,9,5
1630,3,22,3
1631,6,5,3
1632,5,45,3
1633,10,2,5
1634,7,12,4
1635,1,26,5
1636,6,16,4
1637,10,38,3
1638,6,33,3
1639,5,19,3
1640,5,31,5
1641,4,23,3
1642,4,3,5
1643,8,35,3
1644,9,9,5
1645,2,10,5
1646,4,36,4
1647,8,37,4
1648,5,43,5
1649,6,27,4
1650,4,5,3
1651,9,30,3
1652,9,33,5
1653,2,29,5
1654,8,33,4
1655,1,4,4
1656,3,27,4
1657,7,42,3
1658,8,8,3
1659,1,8,3
1660,10,33,5
1661,10,8,3
1662,5,22,4
1663,5,20,5
1664,8,42,4
1665,6,5,4
1666,3,41,5
1667,9,2,4
1668,10,43,5
1669,6,37,4
1670,3,20,4
1671,5,41,3
1672,2,12,3
1673,10,21,5
1674,8,29,5
1675,8,27,3
1676,9,37,5
1677,8,9,4
1678,5,20,5
1679,1,39,5
1680,6,45,4
1681,3,12,5
1682,2,38,3
1683,1,8,4
1684,3,33,3
1685,7,20,3
1686,1,29,5
1687,9,9,4
1688,7,1,5
1689,6,6,3
1690,7,31,3
1691,4,39,4
1692,6,19,3
1693,7,8,4
1694,6,38,3
1695,7,35,3
1696,2,43,3
1697,4,7,5
1698,8,26,5
1699,10,13,4
1700,7,13,5
1701,2,32,3
1702,3,32,4
1703,6,37,4
1704,10,40,5
1705,4,45,4
1706,7,32,4
1707,7,9,4
1708,2,33,5
1709,3,18,3
1710,3,44,3
1711,7,3,5
1712,8,11,5
1713,6,40,5
1714,10,35,4
1715,8,12,5
1716,6,6,3
1717,2,17,3
1718,7,19,4
1719,2,28,4
1720,2,14,3
1721,7,21,4
1722,6,7,4
1723,7,15,5
1724,2,44,4
1725,4,39,5
1726,9,43,4
1727,4,21,3
1728,9,45,5
1729,4,26,3
1730,3,8,5
1731,5,15,4
1732,6,35,5
1733,6,21,4
1734,10,28,4
1735,7,3,4
1736,3,10,3
1737,6,19,5
1738,1,13,3
1739,5,24,3
1740,4,17,3
1741,1,18,3
1742,9,41,4
1743,6,13,5
1744,6,40,3
1745,7,45,3
1746,1,3,3
1747,9,31,4
1748,4,6,3
1749,2,8,4
1750,6,14,3
1751,10,45,4
1752,3,8,3
1753,5,40,3
1754,10,38,3
1755,1,2,5
1756,1,37,5
1757,8,27,4
1758,1,17,5
1759,4,5,4
1760,3,13,3
1761,8,8,4
1762,1,11,4
1763,1,25,4
1764,7,12,5
1765,4,5,3
1766,9,2,4
1767,3,26,3
1768,9,31,5
1769,7,21,5
1770,7,28,3
1771,9,8,5
1772,6,14,4
1773,7,9,4
1774,5,41,4
1775,4,35,4
1776,6,1,5
1777,2,3,5
1778,7,31,3
1779,1,8,4
1780,1,30,5
1781,8,39,5
1782,5,44,3
1783,2,40,3
1784,1,3,3
1785,1,28,4
1786,6,30,5
1787,10,4,4
1788,6,15,5
1789,9,10,5
1790,9,45,5
1791,3,15,5
1792,8,42,5
1793,6,10,3
1794,6,35,4
1795,2,41,3
1796,6,35,3
1797,1,18,5
1798,3,29,5
1799,10,3,3
1800,2,6,3
1801,1,30,5
1802,7,39,4
1803,5,40,4
1804,9,7,4
1805,5,9,5
1806,8,21,4
1807,2,10,5
1808,7,30,4
1809,4,33,5
1810,7,32,3
1811,1,45,4
1812,10,20,3
1813,8,17,3
1814,1,1,4
1815,2,14,3
1816,3,3,4
1817,7,18,4
1818,7,24,4
1819,4,35,5
1820,6,12,5
1821,10,41,5
1822,4,23,3
1823,6,34,5
1824,1,17,3
1825,10,27,5
1826,10,32,5
1827,5,9,3
1828,4,10,3
1829,10,19,4
1830,2,32,4
1831,6,40,5
1832,3,24,3
1833,1,8,4
1834,9,41,4
1835,8,23,4
1836,4,25,5
1837,8,30,5
1838,2,38,4
1839,6,37,4
1840,4,13,4
1841,1,43,5
1842,9,29,3
1843,3,35,3
1844,5,35,4
1845,4,29,4
1846,1,7,3
1847,3,15,5
1848,10,18,4
1849,3,10,3
1850,8,20,3
1851,2,33,5
1852,2,22,5
1853,3,39,5
1854,8,17,3
1855,6,21,3
1856,9,27,3
1857,3,25,4
1858,8,45,3
1859,2,4,4
1860,6,39,3
1861,7,6,4
1862,1,3,4
1863,2,13,5
1864,5,14,3
1865,6,38,4
1866,3,15,4
1867,10,12,5
1868,10,40,5
1869,9,3,5
1870,6,40,3
1871,8,26,5
1872,1,26,4
1873,10,31,5
1874,3,39,4
1875,10,20,3
1876,2,29,3
1877,6,37,4
1878,4,18,5
1879,8,6,3
1880,2,14,4
1881,1,2,5
1882,7,20,3
1883,7,21,4
1884,7,21,5
1885,5,7,5
1886,5,22,4
1887,10,14,3
1888,10,31,3
1889,5,25,5
1890,2,9,4
1891,1,34,3
1892,1,40,4
1893,7,40,5
1894,3,25,3
1895,5,6,3
1896,5,19,5
1897,10,35,4
1898,6,5,4
1899,5,7,5
1900,3,44,4
1901,6,39,4
1902,10,3,3
1903,10,34,3
1904,6,23,4
1905,7,10,3
1906,2,16,3
1907,10,36,5
1908,7,23,4
1909,10,16,3
1910,1,31,5
1911,9,31,4
1912,6,3,3
1913,2,33,4
1914,3,1,5
1915,4,38,3
1916,4,27,4
1917,9,33,5
1918,4,18,5
1919,8,30,1
1920,1,40,3
1921,4,38,4
1922,1,6,1
1923,6,37,2
1924,1,28,4
1925,4,10,3
1926,8,40,3
1927,3,21,3
1928,5,9,1
1929,3,42,4
1930,6,15,5
1931,1,20,3
1932,5,25,5
1933,8,28,3
1934,9,3,3
1935,3,25,5
1936,1,9,2
1937,3,41,4
1938,1,22,5
1939,8,45,3
1940,2,6,5
1941,9,10,3
1942,8,17,3
1943,8,17,2
1944,9,10,4
1945,3,35,3
1946,5,32,4
1947,2,43,1
1948,3,15,1
1949,2,19,2
1950,6,9,1
1951,2,10,5
1952,9,3,5
1953,9,39,5
1954,9,22,5
1955,9,19,2
1956,2,45,2
1957,6,36,5
1958,5,17,4
1959,3,41,3
1960,10,18,1
1961,7,6,3
1962,5,14,3
1963,5,15,1
1964,8,20,4
1965,3,13,3
1966,10,29,4
1967,10,2,4
1968,2,10,3
1969,10,1,4
1970,5,24,1
1971,4,26,1
1972,4,37,2
1973,5,22,5
1974,6,2,3
1975,6,34,1
1976,5,31,1
1977,6,43,1
1978,4,41,4
1979,2,24,2
1980,7,3,4
1981,3,22,5
1982,3,23,1
1983,8,29,5
1984,2,40,2
1985,7,9,4
1986,1,25,2
1987,1,22,1
1988,8,36,4
1989,8,7,3
1990,9,19,2
1991,3,20,1
1992,6,33,3
1993,10,24,5
1994,3,30,5
1995,7,12,2
1996,7,9,1
1997,5,44,3
1998,1,43,3
1999,7,40,5
2000,8,45,2
2001,1,30,3
2002,7,40,3
2003,2,33,2
2004,8,38,2
2005,3,9,4
2006,6,27,4
2007,2,29,5
2008,6,13,4
2009,6,9,1
2010,9,38,4
2011,10,2,4
2012,6,7,2
2013,8,39,1
2014,6,27,2
2015,9,42,1
2016,3,40,3
2017,3,33,4
2018,5,18,4
2019,6,32,2
2020,8,41,2
2021,6,19,2
2022,8,27,4
2023,3,20,4
2024,7,42,1
2025,6,34,5
2026,8,44,1
2027,4,42,5
2028,3,35,2
2029,10,1,2
2030,8,28,1
2031,9,31,1
2032,5,31,1
2033,9,15,1
2034,10,45,3
2035,3,39,3
2036,5,42,4
2037,10,38,1
2038,7,23,3
2039,3,37,4
2040,5,22,4
2041,10,26,4
2042,1,24,5
2043,8,8,1
2044,3,11,3
2045,6,31,2
2046,7,39,5
2047,3,7,1
2048,1,10,3
2049,3,20,5
2050,3,27,1
2051,3,1,1
2052,7,25,2
2053,3,17,5
2054,3,13,3
2055,2,19,3
2056,8,23,2
2057,8,21,3
2058,3,41,2
2059,7,40,2
2060,8,5,2
2061,3,37,3
2062,8,6,5
2063,9,25,1
2064,8,24,4
2065,7,23,5
2066,2,9,3
2067,5,1,4
2068,7,24,4
2069,3,9,2
2070,2,9,2
2071,5,24,3
2072,5,38,5
2073,2,20,1
2074,5,32,4
2075,8,36,5
2076,4,4,2
2077,9,44,3
2078,7,23,1
2079,1,25,3
2080,10,33,2
2081,10,11,5
2082,5,35,4
2083,10,28,4
2084,2,42,5
2085,5,8,1
2086,4,4,1
2087,5,38,3
2088,6,41,4
2089,2,3,1
2090,3,21,2
2091,2,19,3
2092,10,1,1
2093,6,1,3
2094,2,26,2
2095,4,5,3
2096,2,4,1
2097,5,20,5
2098,6,13,5
2099,9,34,5
2100,10,27,4
2101,7,38,1
2102,3,33,2
2103,4,15,3
2104,7,2,2
2105,10,24,2
2106,9,23,5
2107,10,45,3
2108,6,18,1
2109,9,24,5
2110,6,26,4
2111,7,7,3
2112,8,31,1
2113,4,32,2
2114,4,30,3
2115,3,1,4
2116,7,30,2
2117,3,40,2
2118,9,8,2
2119,10,13,1
2120,4,6,4
2121,6,30,3
2122,5,34,1
2123,5,17,3
2124,1,29,3
2125,7,6,3
2126,10,29,5
2127,6,25,1
2128,7,20,4
2129,10,42,3
2130,10,4,4
2131,8,29,4
2132,6,18,3
2133,1,38,1
2134,10,1,2
2135,5,42,5
2136,3,13,1
2137,8,35,1
2138,10,15,3
2139,9,8,5
2140,7,25,4
2141,1,45,4
2142,1,11,3
2143,1,38,2
2144,3,3,1
2145,10,11,1
2146,9,39,5
2147,9,13,4
2148,7,25,2
2149,4,28,4
2150,1,17,2
2151,7,44,3
2152,2,35,2
2153,9,5,5
2154,10,1,1
2155,5,13,3
2156,4,27,5
2157,3,43,5
2158,2,7,5
2159,9,38,3
2160,6,32,4
2161,10,41,1
2162,5,37,1
2163,3,27,5
2164,2,35,3
2165,10,27,3
2166,5,18,4
2167,10,43,2
2168,10,42,1
2169,8,27,5
2170,4,37,5
2171,5,31,3
2172,7,22,4
2173,9,35,5
2174,4,30,4
2175,8,32,5
2176,8,24,1
2177,7,15,2
2178,8,18,3
2179,9,19,1
2180,5,18,4
2181,5,25,1
2182,7,27,4
2183,6,45,1
2184,2,4,5
2185,2,39,3
2186,5,8,1
2187,3,2,5
2188,1,1,3
2189,2,41,1
2190,6,14,5
2191,9,8,2
2192,7,15,2
2193,10,37,4
2194,6,15,4
2195,5,2,5
2196,9,2,3
2197,2,37,5
2198,7,8,3
2199,7,29,4
2200,10,44,3
2201,7,31,5
2202,4,29,5
2203,9,35,3
2204,2,23,1
2205,8,43,4
2206,9,19,4
2207,10,1,4
2208,10,27,2
2209,6,42,3
2210,2,40,5
2211,2,42,5
2212,2,11,1
2213,3,19,5
2214,10,16,4
2215,2,2,5
2216,4,43,1
2217,6,21,5
2218,3,18,4
2219,10,22,2
2220,2,33,4
